{"resourceType":"CodeSystem","id":"qicore-observation-verification","text":{"status":"generated","div":"<div xmlns=\"http://www.w3.org/1999/xhtml\"><h2>QICore Observation Verification Method</h2><div><p>Code for method by which the observation result was validated, e.g., human review, sliding average.</p>\n</div><p>This code system http://hl7.org/fhir/us/qicore/CodeSystem/qicore-observation-verification defines the following codes:</p><table class=\"codes\"><tr><td style=\"white-space:nowrap\"><b>Code</b></td><td><b>Display</b></td><td><b>Definition</b></td></tr><tr><td style=\"white-space:nowrap\">1<a name=\"qicore-observation-verification-1\"> </a></td><td>Human review</td><td>The observation was reviewed and verified by a person</td></tr><tr><td style=\"white-space:nowrap\">2<a name=\"qicore-observation-verification-2\"> </a></td><td>Sliding average</td><td>The observation was verified against a sliding average</td></tr></table></div>"},"url":"http://hl7.org/fhir/us/qicore/CodeSystem/qicore-observation-verification","name":"QICore Observation Verification Method","status":"draft","experimental":false,"date":"2017-12-19T09:35:15-07:00","description":"Code for method by which the observation result was validated, e.g., human review, sliding average.","caseSensitive":true,"content":"complete","concept":[{"code":"1","display":"Human review","definition":"The observation was reviewed and verified by a person"},{"code":"2","display":"Sliding average","definition":"The observation was verified against a sliding average"}]}