{"resourceType":"CodeSystem","id":"qicore-condition-criticality","text":{"status":"generated","div":"<div xmlns=\"http://www.w3.org/1999/xhtml\"><h2>QICore Condition Criticality Codes</h2><div><p>Value Set for QICore Condition Criticality (Example)</p>\n</div><p>This code system http://hl7.org/fhir/us/qicore/CodeSystem/qicore-condition-criticality defines the following codes:</p><table class=\"codes\"><tr><td style=\"white-space:nowrap\"><b>Code</b></td><td><b>Display</b></td><td><b>Definition</b></td></tr><tr><td style=\"white-space:nowrap\">unspecified<a name=\"qicore-condition-criticality-unspecified\"> </a></td><td>Not Specified</td><td>The criticality of the condition is not specified</td></tr><tr><td style=\"white-space:nowrap\">self-resolving<a name=\"qicore-condition-criticality-self-resolving\"> </a></td><td>Expected to Self-Resolve</td><td>The condition is expected to resolve on its own</td></tr><tr><td style=\"white-space:nowrap\">controllable<a name=\"qicore-condition-criticality-controllable\"> </a></td><td>Controllable</td><td>The condition is considered to be controllable</td></tr><tr><td style=\"white-space:nowrap\">functional-loss<a name=\"qicore-condition-criticality-functional-loss\"> </a></td><td>Potential loss of function or capacity</td><td>The condition may result in partial or full loss of function or capacity</td></tr><tr><td style=\"white-space:nowrap\">life-threatening<a name=\"qicore-condition-criticality-life-threatening\"> </a></td><td>Life Threatening</td><td>The condition is considered to be life-threatening</td></tr><tr><td style=\"white-space:nowrap\">requires-hospitalization<a name=\"qicore-condition-criticality-requires-hospitalization\"> </a></td><td>Requires Hospitalization</td><td>The condition requires hospitalization</td></tr></table></div>"},"url":"http://hl7.org/fhir/us/qicore/CodeSystem/qicore-condition-criticality","name":"QICore Condition Criticality Codes","status":"draft","experimental":false,"date":"2017-12-19T09:35:15-07:00","description":"Value Set for QICore Condition Criticality (Example)","caseSensitive":true,"content":"complete","concept":[{"code":"unspecified","display":"Not Specified","definition":"The criticality of the condition is not specified"},{"code":"self-resolving","display":"Expected to Self-Resolve","definition":"The condition is expected to resolve on its own"},{"code":"controllable","display":"Controllable","definition":"The condition is considered to be controllable"},{"code":"functional-loss","display":"Potential loss of function or capacity","definition":"The condition may result in partial or full loss of function or capacity"},{"code":"life-threatening","display":"Life Threatening","definition":"The condition is considered to be life-threatening"},{"code":"requires-hospitalization","display":"Requires Hospitalization","definition":"The condition requires hospitalization"}]}