{"resourceType":"ImplementationGuide","id":"qicore","text":{"status":"generated","div":"<div xmlns=\"http://www.w3.org/1999/xhtml\"><h2>QICore Implementation Guide</h2><p>The official URL for this implementation guide is: </p><pre>http://hl7.org/fhir/us/qicore/ImplementationGuide/qicore</pre></div>"},"url":"http://hl7.org/fhir/us/qicore/ImplementationGuide/qicore","version":"2.1.0","name":"QICore Implementation Guide","status":"draft","experimental":true,"publisher":"ONC","dependency":[{"type":"reference","uri":"http://hl7.org/fhir/us/core"}],"package":[{"name":"base","resource":[{"extension":[{"url":"http://hl7.org/fhir/StructureDefinition/implementationguide-page","valueUri":"qicore-adverseevent-category.html"}],"sourceReference":{"reference":"CodeSystem/qicore-adverseevent-category"}},{"extension":[{"url":"http://hl7.org/fhir/StructureDefinition/implementationguide-page","valueUri":"qicore-adverseevent-type.html"}],"sourceReference":{"reference":"CodeSystem/qicore-adverseevent-type"}},{"extension":[{"url":"http://hl7.org/fhir/StructureDefinition/implementationguide-page","valueUri":"AdverseEvent-adverseevent-example-qicore.html"}],"example":true,"name":"QICore AdverseEvent","description":"Example of QICore AdverseEvent","sourceReference":{"reference":"AdverseEvent/qicore-adverseevent-example"},"exampleFor":{"reference":"StructureDefinition/qicore-adverseevent"}},{"extension":[{"url":"http://hl7.org/fhir/StructureDefinition/implementationguide-page","valueUri":"AllergyIntolerance-allergyintolerance-example-qicore.html"}],"example":true,"name":"QICore AllergyIntolerance Example","description":"Example of QICore AllergyIntolerance","sourceReference":{"reference":"AllergyIntolerance/qicore-allergyintolerance-example"},"exampleFor":{"reference":"StructureDefinition/qicore-allergyintolerance"}},{"extension":[{"url":"http://hl7.org/fhir/StructureDefinition/implementationguide-page","valueUri":"AllergyIntolerance-allergyintolerance-example-refuted-qicore.html"}],"example":true,"name":"QICore AllergyIntolerance Refuted Example","description":"Example of QICore AllergyIntolerance Refuted","sourceReference":{"reference":"AllergyIntolerance/qicore-allergyintolerance-example-refuted"},"exampleFor":{"reference":"StructureDefinition/qicore-allergyintolerance"}},{"extension":[{"url":"http://hl7.org/fhir/StructureDefinition/implementationguide-page","valueUri":"Bodysite-bodysite-example-qicore.html"}],"example":true,"name":"QICore BodySite Example","description":"Example of QICore BodySite","sourceReference":{"reference":"BodySite/qicore-bodysite-example"},"exampleFor":{"reference":"StructureDefinition/qicore-bodysite"}},{"extension":[{"url":"http://hl7.org/fhir/StructureDefinition/implementationguide-page","valueUri":"Claim-claim-example-qicore.html"}],"example":true,"name":"QICore Claim Example","description":"Example of QICore Claim","sourceReference":{"reference":"Claim/qicore-claim-example"},"exampleFor":{"reference":"StructureDefinition/qicore-claim"}},{"extension":[{"url":"http://hl7.org/fhir/StructureDefinition/implementationguide-page","valueUri":"qicore-communication-medium.html"}],"sourceReference":{"reference":"CodeSystem/qicore-communication-medium"}},{"extension":[{"url":"http://hl7.org/fhir/StructureDefinition/implementationguide-page","valueUri":"Communication-communication-example-qicore.html"}],"example":true,"name":"QICore Communication","description":"Example of QICore Communication","sourceReference":{"reference":"Communication/qicore-communication-example"},"exampleFor":{"reference":"StructureDefinition/qicore-communication"}},{"extension":[{"url":"http://hl7.org/fhir/StructureDefinition/implementationguide-page","valueUri":"CommunicationRequest-communicationrequest-example-qicore.html"}],"example":true,"name":"QICore CommunicationRequest","description":"Example of QICore CommunicationRequest","sourceReference":{"reference":"CommunicationRequest/qicore-communicationrequest-example"},"exampleFor":{"reference":"StructureDefinition/qicore-communicationrequest"}},{"extension":[{"url":"http://hl7.org/fhir/StructureDefinition/implementationguide-page","valueUri":"qicore-condition-criticality.html"}],"sourceReference":{"reference":"CodeSystem/qicore-condition-criticality"}},{"extension":[{"url":"http://hl7.org/fhir/StructureDefinition/implementationguide-page","valueUri":"Condition-condition-example-qicore.html"}],"example":true,"name":"QICore Condition Example","description":"Example of QICore Condition","sourceReference":{"reference":"Condition/qicore-condition-example"},"exampleFor":{"reference":"StructureDefinition/qicore-condition"}},{"extension":[{"url":"http://hl7.org/fhir/StructureDefinition/implementationguide-page","valueUri":"Coverage-coverage-example-qicore.html"}],"example":true,"name":"QICore Coverage Example","description":"Example of QICore Coverage","sourceReference":{"reference":"Coverage/qicore-coverage-example"},"exampleFor":{"reference":"StructureDefinition/qicore-coverage"}},{"extension":[{"url":"http://hl7.org/fhir/StructureDefinition/implementationguide-page","valueUri":"Device-device-example-qicore.html"}],"example":true,"name":"QICore Device Example","description":"Example of QICore Device","sourceReference":{"reference":"Device/qicore-device-example"},"exampleFor":{"reference":"StructureDefinition/qicore-device"}},{"extension":[{"url":"http://hl7.org/fhir/StructureDefinition/implementationguide-page","valueUri":"DeviceUseStatement-deviceusestatement-example-qicore.html"}],"example":true,"name":"QICore DeviceUseStatment Example","description":"Example of QICore DeviceUseStatement","sourceReference":{"reference":"DeviceUseStatement/qicore-deviceusestatement-example"},"exampleFor":{"reference":"StructureDefinition/qicore-deviceusestatement"}},{"extension":[{"url":"http://hl7.org/fhir/StructureDefinition/implementationguide-page","valueUri":"DiagnosticReport-diagnosticreport-example-qicore.html"}],"example":true,"name":"QICore DiagnosticReport Example","description":"Example of QICore DiagnosticReport","sourceReference":{"reference":"DiagnosticReport/qicore-diagnosticreport-example"},"exampleFor":{"reference":"StructureDefinition/qicore-diagnosticreport"}},{"extension":[{"url":"http://hl7.org/fhir/StructureDefinition/implementationguide-page","valueUri":"Encounter-encounter-example-qicore.html"}],"example":true,"name":"QICore Encounter","description":"Example of QICore Encounter","sourceReference":{"reference":"Encounter/qicore-encounter-example"},"exampleFor":{"reference":"StructureDefinition/qicore-encounter"}},{"extension":[{"url":"http://hl7.org/fhir/StructureDefinition/implementationguide-page","valueUri":"FamilyMemberHistory-familymemberhistory-example-qicore.html"}],"example":true,"name":"QICore FamilyMemberHistory","description":"Example of QICore FamilyMemberHistory with condition did-not-have","sourceReference":{"reference":"FamilyMemberHistory/qicore-familymemberhistory-example"},"exampleFor":{"reference":"StructureDefinition/qicore-familymemberhistory"}},{"extension":[{"url":"http://hl7.org/fhir/StructureDefinition/implementationguide-page","valueUri":"Flag-flag-example-qicore.html"}],"example":true,"name":"QICore Flag","description":"Example of QICore Flag","sourceReference":{"reference":"Flag/qicore-flag-example"},"exampleFor":{"reference":"StructureDefinition/qicore-flag"}},{"extension":[{"url":"http://hl7.org/fhir/StructureDefinition/implementationguide-page","valueUri":"Goal-goal-example-qicore.html"}],"example":true,"name":"QICore Goal Example","description":"Example of QICoreGoal","sourceReference":{"reference":"Goal/qicore-goal-example"},"exampleFor":{"reference":"StructureDefinition/qicore-goal"}},{"extension":[{"url":"http://hl7.org/fhir/StructureDefinition/implementationguide-page","valueUri":"ImagingStudy-imagingstudy-example-qicore.html"}],"example":true,"name":"QICore ImagingStudy","description":"Example of QICore ImagingStudy","sourceReference":{"reference":"ImagingStudy/qicore-imagingstudy-example"},"exampleFor":{"reference":"StructureDefinition/qicore-imagingstudy"}},{"extension":[{"url":"http://hl7.org/fhir/StructureDefinition/implementationguide-page","valueUri":"Immunization-immunization-example-qicore.html"}],"example":true,"name":"QICore Immunization Example","description":"Example of QICore Immunization","sourceReference":{"reference":"Immunization/qicore-immunization-example"},"exampleFor":{"reference":"StructureDefinition/qicore-immunization"}},{"extension":[{"url":"http://hl7.org/fhir/StructureDefinition/implementationguide-page","valueUri":"ImmunizationRecommendation-immunizationrecommendation-example-qicore.html"}],"example":true,"name":"QICore Immunization Example","description":"Example of QICore Immunization","sourceReference":{"reference":"ImmunizationRecommendation/qicore-immunizationrecommendation-example"},"exampleFor":{"reference":"StructureDefinition/qicore-immunizationrec"}},{"extension":[{"url":"http://hl7.org/fhir/StructureDefinition/implementationguide-page","valueUri":"Location-location-example-qicore.html"}],"example":true,"name":"QICore Location Example","description":"Example of QICore Location","sourceReference":{"reference":"Location/qicore-location-example"},"exampleFor":{"reference":"StructureDefinition/qicore-location"}},{"extension":[{"url":"http://hl7.org/fhir/StructureDefinition/implementationguide-page","valueUri":"Medication-medication-example-qicore.html"}],"example":true,"name":"QICore Medication Example","description":"Example of QICore Medication","sourceReference":{"reference":"Medication/qicore-medication-example"},"exampleFor":{"reference":"StructureDefinition/qicore-medication"}},{"extension":[{"url":"http://hl7.org/fhir/StructureDefinition/implementationguide-page","valueUri":"MedicationAdministration-medicationadministration-example-qicore.html"}],"example":true,"name":"QICore MedicationAdministration Example","description":"Example of QICore MedicationAdministration","sourceReference":{"reference":"MedicationAdministration/qicore-medicationadministration-example"},"exampleFor":{"reference":"StructureDefinition/qicore-medicationadministration"}},{"extension":[{"url":"http://hl7.org/fhir/StructureDefinition/implementationguide-page","valueUri":"MedicationDispense-medicationdispense-example-qicore.html"}],"example":true,"name":"QICore MedicationDispense","description":"Example of QICore MedicationDispense","sourceReference":{"reference":"MedicationDispense/qicore-medicationdispense-example"},"exampleFor":{"reference":"StructureDefinition/qicore-medicationdispense"}},{"extension":[{"url":"http://hl7.org/fhir/StructureDefinition/implementationguide-page","valueUri":"MedicationRequest-medicationrequest-example-qicore.html"}],"example":true,"name":"QICore MedicationRequest Example","description":"Example of QICore MedicationRequest","sourceReference":{"reference":"MedicationRequest/qicore-medicationrequest-example"},"exampleFor":{"reference":"StructureDefinition/qicore-medicationrequest"}},{"extension":[{"url":"http://hl7.org/fhir/StructureDefinition/implementationguide-page","valueUri":"MedicationStatement-medicationstatement-example-qicore.html"}],"example":true,"name":"QICore MedicationStatement Example","description":"Example of QICore MedicationStatement","sourceReference":{"reference":"MedicationStatement/qicore-medicationstatement-example"},"exampleFor":{"reference":"StructureDefinition/qicore-medicationstatement"}},{"extension":[{"url":"http://hl7.org/fhir/StructureDefinition/implementationguide-page","valueUri":"qicore-observation-verification.html"}],"sourceReference":{"reference":"CodeSystem/qicore-observation-verification"}},{"extension":[{"url":"http://hl7.org/fhir/StructureDefinition/implementationguide-page","valueUri":"Observation-observation-example-qicore.html"}],"example":true,"name":"QICore Observation","description":"Example of QICore Observation","sourceReference":{"reference":"Observation/qicore-observation-example"},"exampleFor":{"reference":"StructureDefinition/qicore-observation"}},{"extension":[{"url":"http://hl7.org/fhir/StructureDefinition/implementationguide-page","valueUri":"Organization-organization-example-qicore.html"}],"example":true,"name":"QICore Organization Example","description":"Example of QICore Organization","sourceReference":{"reference":"Organization/qicore-organization-example"},"exampleFor":{"reference":"StructureDefinition/qicore-organization"}},{"extension":[{"url":"http://hl7.org/fhir/StructureDefinition/implementationguide-page","valueUri":"Patient-patient-example-qicore.html"}],"example":true,"name":"QICore Patient Example","description":"Example of QICore Patient","sourceReference":{"reference":"Patient/qicore-patient-example"},"exampleFor":{"reference":"StructureDefinition/qicore-patient"}},{"extension":[{"url":"http://hl7.org/fhir/StructureDefinition/implementationguide-page","valueUri":"Practitioner-practitioner-example-qicore.html"}],"example":true,"name":"QICore Practitioner Example","description":"Example of QICore Practitioner","sourceReference":{"reference":"Practitioner/qicore-practitioner-example"},"exampleFor":{"reference":"StructureDefinition/qicore-practitioner"}},{"extension":[{"url":"http://hl7.org/fhir/StructureDefinition/implementationguide-page","valueUri":"qicore-practitioner-role.html"}],"sourceReference":{"reference":"StructureDefinition/qicore-practitioner-role"}},{"extension":[{"url":"http://hl7.org/fhir/StructureDefinition/implementationguide-page","valueUri":"qicore-appropriateness-score.html"}],"sourceReference":{"reference":"CodeSystem/qicore-appropriateness-score"}},{"extension":[{"url":"http://hl7.org/fhir/StructureDefinition/implementationguide-page","valueUri":"Procedure-procedure-example-qicore.html"}],"example":true,"name":"QICore Procedure Example","description":"Example of QICore Procedure","sourceReference":{"reference":"Procedure/qicore-procedure-example"},"exampleFor":{"reference":"StructureDefinition/qicore-procedure"}},{"extension":[{"url":"http://hl7.org/fhir/StructureDefinition/implementationguide-page","valueUri":"qicore-procedure-approachBodySite.html"}],"sourceReference":{"reference":"StructureDefinition/qicore-procedure-approachBodySite"}},{"extension":[{"url":"http://hl7.org/fhir/StructureDefinition/implementationguide-page","valueUri":"qicore-procedurerequest-approachBodySite.html"}],"sourceReference":{"reference":"StructureDefinition/qicore-procedurerequest-approachBodySite"}},{"extension":[{"url":"http://hl7.org/fhir/StructureDefinition/implementationguide-page","valueUri":"qicore-procedurerequest-appropriatenessScore.html"}],"sourceReference":{"reference":"StructureDefinition/qicore-procedurerequest-appropriatenessScore"}},{"extension":[{"url":"http://hl7.org/fhir/StructureDefinition/implementationguide-page","valueUri":"ProcedureRequest-procedurerequest-example-qicore.html"}],"example":true,"name":"QICore ProcedureRequest","description":"Example of QICore ProcedureRequest","sourceReference":{"reference":"ProcedureRequest/qicore-procedurerequest-example"},"exampleFor":{"reference":"StructureDefinition/qicore-procedurerequest"}},{"extension":[{"url":"http://hl7.org/fhir/StructureDefinition/implementationguide-page","valueUri":"ReferralRequest-referralrequest-example-qicore.html"}],"example":true,"name":"QICore ReferralRequest","description":"Example of QICore ReferralRequest","sourceReference":{"reference":"ReferralRequest/qicore-referralrequest-example"},"exampleFor":{"reference":"StructureDefinition/qicore-referralrequest"}},{"extension":[{"url":"http://hl7.org/fhir/StructureDefinition/implementationguide-page","valueUri":"RelatedPerson-relatedperson-example-qicore.html"}],"example":true,"name":"QICore RelatedPerson","description":"Example of QICore RelatedPerson","sourceReference":{"reference":"RelatedPerson/qicore-relatedperson-example"},"exampleFor":{"reference":"StructureDefinition/qicore-relatedperson"}},{"extension":[{"url":"http://hl7.org/fhir/StructureDefinition/implementationguide-page","valueUri":"Specimen-specimen-example-qicore.html"}],"example":true,"name":"QICore Specimen","description":"Example of QICore Specimen","sourceReference":{"reference":"Specimen/qicore-specimen-example"},"exampleFor":{"reference":"StructureDefinition/qicore-specimen"}},{"extension":[{"url":"http://hl7.org/fhir/StructureDefinition/implementationguide-page","valueUri":"Substance-substance-example-qicore.html"}],"example":true,"name":"QICore Substance","description":"Example of QICore Substance","sourceReference":{"reference":"Substance/qicore-substance-example"},"exampleFor":{"reference":"StructureDefinition/qicore-substance"}}]},{"name":"QICore-AdverseEvent","resource":[{"extension":[{"url":"http://hl7.org/fhir/StructureDefinition/implementationguide-page","valueUri":"qicore-adverseevent.html"}],"name":"QICore-AdverseEvent","sourceReference":{"reference":"StructureDefinition/qicore-adverseevent"}}]},{"name":"QICore-AllergyIntolerance","resource":[{"extension":[{"url":"http://hl7.org/fhir/StructureDefinition/implementationguide-page","valueUri":"qicore-allergyintolerance.html"}],"name":"QICore-AllergyIntolerance","sourceReference":{"reference":"StructureDefinition/qicore-allergyintolerance"}}]},{"name":"QICore-BodySite","resource":[{"extension":[{"url":"http://hl7.org/fhir/StructureDefinition/implementationguide-page","valueUri":"qicore-bodysite.html"}],"name":"QICore-BodySite","sourceReference":{"reference":"StructureDefinition/qicore-bodysite"}}]},{"name":"QICore-Claim","resource":[{"extension":[{"url":"http://hl7.org/fhir/StructureDefinition/implementationguide-page","valueUri":"qicore-claim.html"}],"name":"QICore-Claim","sourceReference":{"reference":"StructureDefinition/qicore-claim"}}]},{"name":"QICore-Communication","resource":[{"extension":[{"url":"http://hl7.org/fhir/StructureDefinition/implementationguide-page","valueUri":"qicore-communication.html"}],"name":"QICore-Communication","sourceReference":{"reference":"StructureDefinition/qicore-communication"}}]},{"name":"QICore-CommunicationRequest","resource":[{"extension":[{"url":"http://hl7.org/fhir/StructureDefinition/implementationguide-page","valueUri":"qicore-communicationrequest.html"}],"name":"QICore-CommunicationRequest","sourceReference":{"reference":"StructureDefinition/qicore-communicationrequest"}}]},{"name":"QICore-Condition","resource":[{"extension":[{"url":"http://hl7.org/fhir/StructureDefinition/implementationguide-page","valueUri":"qicore-condition.html"}],"name":"QICore-Condition","sourceReference":{"reference":"StructureDefinition/qicore-condition"}}]},{"name":"QICore-Coverage","resource":[{"extension":[{"url":"http://hl7.org/fhir/StructureDefinition/implementationguide-page","valueUri":"qicore-coverage.html"}],"name":"QICore-Coverage","sourceReference":{"reference":"StructureDefinition/qicore-coverage"}}]},{"name":"QICore-Device","resource":[{"extension":[{"url":"http://hl7.org/fhir/StructureDefinition/implementationguide-page","valueUri":"qicore-device.html"}],"name":"QICore-Device","sourceReference":{"reference":"StructureDefinition/qicore-device"}}]},{"name":"QICore-DeviceUseStatement","resource":[{"extension":[{"url":"http://hl7.org/fhir/StructureDefinition/implementationguide-page","valueUri":"qicore-deviceusestatement.html"}],"name":"QICore-DeviceUseStatement","sourceReference":{"reference":"StructureDefinition/qicore-deviceusestatement"}}]},{"name":"QICore-DiagnosticReport","resource":[{"extension":[{"url":"http://hl7.org/fhir/StructureDefinition/implementationguide-page","valueUri":"qicore-diagnosticreport.html"}],"name":"QICore-DiagnosticReport","sourceReference":{"reference":"StructureDefinition/qicore-diagnosticreport"}}]},{"name":"QICore-Encounter","resource":[{"extension":[{"url":"http://hl7.org/fhir/StructureDefinition/implementationguide-page","valueUri":"qicore-encounter.html"}],"name":"QICore-Encounter","sourceReference":{"reference":"StructureDefinition/qicore-encounter"}}]},{"name":"QICore-FamilyMemberHistory","resource":[{"extension":[{"url":"http://hl7.org/fhir/StructureDefinition/implementationguide-page","valueUri":"qicore-familymemberhistory.html"}],"name":"QICore-FamilyMemberHistory","sourceReference":{"reference":"StructureDefinition/qicore-familymemberhistory"}}]},{"name":"QICore-Flag","resource":[{"extension":[{"url":"http://hl7.org/fhir/StructureDefinition/implementationguide-page","valueUri":"qicore-flag.html"}],"name":"QICore-Flag","sourceReference":{"reference":"StructureDefinition/qicore-flag"}}]},{"name":"QICore-Goal","resource":[{"extension":[{"url":"http://hl7.org/fhir/StructureDefinition/implementationguide-page","valueUri":"qicore-goal.html"}],"name":"QICore-Goal","sourceReference":{"reference":"StructureDefinition/qicore-goal"}}]},{"name":"QICore-ImagingStudy","resource":[{"extension":[{"url":"http://hl7.org/fhir/StructureDefinition/implementationguide-page","valueUri":"qicore-imagingstudy.html"}],"name":"QICore-ImagingStudy","sourceReference":{"reference":"StructureDefinition/qicore-imagingstudy"}}]},{"name":"QICore-Immunization","resource":[{"extension":[{"url":"http://hl7.org/fhir/StructureDefinition/implementationguide-page","valueUri":"qicore-immunization.html"}],"name":"QICore-Immunization","sourceReference":{"reference":"StructureDefinition/qicore-immunization"}}]},{"name":"QICore-ImmunizationRecommendation","resource":[{"extension":[{"url":"http://hl7.org/fhir/StructureDefinition/implementationguide-page","valueUri":"qicore-immunizationrec.html"}],"name":"QICore-ImmunizationRecommendation","sourceReference":{"reference":"StructureDefinition/qicore-immunizationrec"}}]},{"name":"QICore-Location","resource":[{"extension":[{"url":"http://hl7.org/fhir/StructureDefinition/implementationguide-page","valueUri":"qicore-location.html"}],"name":"QICore-Location","sourceReference":{"reference":"StructureDefinition/qicore-location"}}]},{"name":"QICore-Medication","resource":[{"extension":[{"url":"http://hl7.org/fhir/StructureDefinition/implementationguide-page","valueUri":"qicore-medication.html"}],"name":"QICore-Medication","sourceReference":{"reference":"StructureDefinition/qicore-medication"}}]},{"name":"QICore-MedicationAdministration","resource":[{"extension":[{"url":"http://hl7.org/fhir/StructureDefinition/implementationguide-page","valueUri":"qicore-medicationadministration.html"}],"name":"QICore-MedicationAdministration","sourceReference":{"reference":"StructureDefinition/qicore-medicationadministration"}}]},{"name":"QICore-MedicationDispense","resource":[{"extension":[{"url":"http://hl7.org/fhir/StructureDefinition/implementationguide-page","valueUri":"qicore-medicationdispense.html"}],"name":"QICore-MedicationDispense","sourceReference":{"reference":"StructureDefinition/qicore-medicationdispense"}}]},{"name":"QICore-MedicationRequest","resource":[{"extension":[{"url":"http://hl7.org/fhir/StructureDefinition/implementationguide-page","valueUri":"qicore-medicationrequest.html"}],"name":"QICore-MedicationRequest","sourceReference":{"reference":"StructureDefinition/qicore-medicationrequest"}}]},{"name":"QICore-MedicationStatement","resource":[{"extension":[{"url":"http://hl7.org/fhir/StructureDefinition/implementationguide-page","valueUri":"qicore-medicationstatement.html"}],"name":"QICore-MedicationStatement","sourceReference":{"reference":"StructureDefinition/qicore-medicationstatement"}}]},{"name":"QICore-Observation","resource":[{"extension":[{"url":"http://hl7.org/fhir/StructureDefinition/implementationguide-page","valueUri":"qicore-observation.html"}],"name":"QICore-Observation","sourceReference":{"reference":"StructureDefinition/qicore-observation"}}]},{"name":"QICore-Organization","resource":[{"extension":[{"url":"http://hl7.org/fhir/StructureDefinition/implementationguide-page","valueUri":"qicore-organization.html"}],"name":"QICore-Organization","sourceReference":{"reference":"StructureDefinition/qicore-organization"}}]},{"name":"QICore-Patient","resource":[{"extension":[{"url":"http://hl7.org/fhir/StructureDefinition/implementationguide-page","valueUri":"qicore-patient.html"}],"name":"QICore-Patient","sourceReference":{"reference":"StructureDefinition/qicore-patient"}}]},{"name":"QICore-Practitioner","resource":[{"extension":[{"url":"http://hl7.org/fhir/StructureDefinition/implementationguide-page","valueUri":"qicore-practitioner.html"}],"name":"QICore-Practitioner","sourceReference":{"reference":"StructureDefinition/qicore-practitioner"}}]},{"name":"QICore-Procedure","resource":[{"extension":[{"url":"http://hl7.org/fhir/StructureDefinition/implementationguide-page","valueUri":"qicore-procedure.html"}],"name":"QICore-Procedure","sourceReference":{"reference":"StructureDefinition/qicore-procedure"}}]},{"name":"QICore-ProcedureRequest","resource":[{"extension":[{"url":"http://hl7.org/fhir/StructureDefinition/implementationguide-page","valueUri":"qicore-procedurerequest.html"}],"name":"QICore-ProcedureRequest","sourceReference":{"reference":"StructureDefinition/qicore-procedurerequest"}}]},{"name":"QICore-ReferralRequest","resource":[{"extension":[{"url":"http://hl7.org/fhir/StructureDefinition/implementationguide-page","valueUri":"qicore-referralrequest.html"}],"name":"QICore-ReferralRequest","sourceReference":{"reference":"StructureDefinition/qicore-referralrequest"}}]},{"name":"QICore-RelatedPerson","resource":[{"extension":[{"url":"http://hl7.org/fhir/StructureDefinition/implementationguide-page","valueUri":"qicore-relatedperson.html"}],"name":"QICore-RelatedPerson","sourceReference":{"reference":"StructureDefinition/qicore-relatedperson"}}]},{"name":"QICore-Specimen","resource":[{"extension":[{"url":"http://hl7.org/fhir/StructureDefinition/implementationguide-page","valueUri":"qicore-specimen.html"}],"name":"QICore-Specimen","sourceReference":{"reference":"StructureDefinition/qicore-specimen"}}]},{"name":"QICore-Substance","resource":[{"extension":[{"url":"http://hl7.org/fhir/StructureDefinition/implementationguide-page","valueUri":"qicore-substance.html"}],"name":"QICore-Substance","sourceReference":{"reference":"StructureDefinition/qicore-substance"}}]}],"page":{"source":"index.html","title":"Home Page","kind":"page","page":[{"source":"registry.html","title":"Registry","kind":"list","type":["CapabilityStatement","StructureDefinition","ValueSet","ConceptMap"]}]}}