{"resourceType":"StructureDefinition","id":"qicore-adverseevent","text":{"status":"generated","div":"<div xmlns=\"http://www.w3.org/1999/xhtml\"><table border=\"0\" cellpadding=\"0\" cellspacing=\"0\" style=\"border: 0px #F0F0F0 solid; font-size: 11px; font-family: verdana; vertical-align: top;\"><tr style=\"border: 1px #F0F0F0 solid; font-size: 11px; font-family: verdana; vertical-align: top;\"><th style=\"vertical-align: top; text-align : left; background-color: white; border: 0px #F0F0F0 solid; padding:0px 4px 0px 4px\" class=\"hierarchy\"><a href=\"http://hl7.org/fhir/STU3/formats.html#table\" title=\"The logical name of the element\">Name</a></th><th style=\"vertical-align: top; text-align : left; background-color: white; border: 0px #F0F0F0 solid; padding:0px 4px 0px 4px\" class=\"hierarchy\"><a href=\"http://hl7.org/fhir/STU3/formats.html#table\" title=\"Information about the use of the element\">Flags</a></th><th style=\"vertical-align: top; text-align : left; background-color: white; border: 0px #F0F0F0 solid; padding:0px 4px 0px 4px\" class=\"hierarchy\"><a href=\"http://hl7.org/fhir/STU3/formats.html#table\" title=\"Minimum and Maximum # of times the the element can appear in the instance\">Card.</a></th><th style=\"width: 100px\" class=\"hierarchy\"><a href=\"http://hl7.org/fhir/STU3/formats.html#table\" title=\"Reference to the type of the element\">Type</a></th><th style=\"vertical-align: top; text-align : left; background-color: white; border: 0px #F0F0F0 solid; padding:0px 4px 0px 4px\" class=\"hierarchy\"><a href=\"http://hl7.org/fhir/STU3/formats.html#table\" title=\"Additional information about the element\">Description &amp; Constraints</a><span style=\"float: right\"><a href=\"http://hl7.org/fhir/STU3/formats.html#table\" title=\"Legend for this format\"><img src=\"http://hl7.org/fhir/STU3/help16.png\" alt=\"doco\" style=\"background-color: inherit\"/></a></span></th></tr><tr style=\"border: 0px #F0F0F0 solid; padding:0px; vertical-align: top; background-color: white;\"><td style=\"vertical-align: top; text-align : left; background-color: white; border: 0px #F0F0F0 solid; padding:0px 4px 0px 4px; white-space: nowrap; background-image: url(tbl_bck1.png)\" class=\"hierarchy\"><img src=\"tbl_spacer.png\" alt=\".\" style=\"background-color: inherit\" class=\"hierarchy\"/><img src=\"icon_element.gif\" alt=\".\" style=\"background-color: white; background-color: inherit\" title=\"Element\" class=\"hierarchy\"/> <a href=\"qicore-adverseevent-definitions.html#AdverseEvent\" title=\"Actual or potential/avoided event causing unintended physical injury resulting from or contributed to by medical care, a research study or other healthcare setting factors that requires additional monitoring, treatment, or hospitalization, or that results in death.\">AdverseEvent</a><a name=\"AdverseEvent\"> </a></td><td style=\"vertical-align: top; text-align : left; background-color: white; border: 0px #F0F0F0 solid; padding:0px 4px 0px 4px\" class=\"hierarchy\"/><td style=\"vertical-align: top; text-align : left; background-color: white; border: 0px #F0F0F0 solid; padding:0px 4px 0px 4px\" class=\"hierarchy\"><span style=\"opacity: 0.4\">0</span><span style=\"opacity: 0.5\">..</span><span style=\"opacity: 0.4\">*</span></td><td style=\"vertical-align: top; text-align : left; background-color: white; border: 0px #F0F0F0 solid; padding:0px 4px 0px 4px\" class=\"hierarchy\"/><td style=\"vertical-align: top; text-align : left; background-color: white; border: 0px #F0F0F0 solid; padding:0px 4px 0px 4px\" class=\"hierarchy\">An incident, near miss, unsafe condition, or untoward occurrence during treatment.</td></tr>\r\n<tr style=\"border: 0px #F0F0F0 solid; padding:0px; vertical-align: top; background-color: white;\"><td style=\"vertical-align: top; text-align : left; background-color: white; border: 0px #F0F0F0 solid; padding:0px 4px 0px 4px; white-space: nowrap; background-image: url(tbl_bck10.png)\" class=\"hierarchy\"><img src=\"tbl_spacer.png\" alt=\".\" style=\"background-color: inherit\" class=\"hierarchy\"/><img src=\"tbl_vjoin.png\" alt=\".\" style=\"background-color: inherit\" class=\"hierarchy\"/><img src=\"icon_primitive.png\" alt=\".\" style=\"background-color: white; background-color: inherit\" title=\"Primitive Data Type\" class=\"hierarchy\"/> <a href=\"qicore-adverseevent-definitions.html#AdverseEvent.category\" title=\"The type of event which is important to characterize what occurred and caused harm to the subject, or had the potential to cause harm to the subject.\">category</a><a name=\"AdverseEvent.category\"> </a></td><td style=\"vertical-align: top; text-align : left; background-color: white; border: 0px #F0F0F0 solid; padding:0px 4px 0px 4px\" class=\"hierarchy\"/><td style=\"vertical-align: top; text-align : left; background-color: white; border: 0px #F0F0F0 solid; padding:0px 4px 0px 4px\" class=\"hierarchy\"><span style=\"opacity: 0.4\">0</span><span style=\"opacity: 0.5\">..</span><span style=\"opacity: 0.4\">1</span></td><td style=\"vertical-align: top; text-align : left; background-color: white; border: 0px #F0F0F0 solid; padding:0px 4px 0px 4px\" class=\"hierarchy\"><a style=\"opacity: 0.4\" href=\"http://hl7.org/fhir/STU3/datatypes.html#code\">code</a></td><td style=\"vertical-align: top; text-align : left; background-color: white; border: 0px #F0F0F0 solid; padding:0px 4px 0px 4px\" class=\"hierarchy\">AE | PAE<br/><span style=\"font-weight:bold\">Binding: </span><a href=\"http://hl7.org/fhir/STU3/valueset-adverse-event-category.html\">AdverseEventCategory</a> (<a href=\"http://hl7.org/fhir/STU3/terminologies.html#required\" title=\"To be conformant, the concept in this element SHALL be from the specified value set\">required</a>)</td></tr>\r\n<tr style=\"border: 0px #F0F0F0 solid; padding:0px; vertical-align: top; background-color: white;\"><td style=\"vertical-align: top; text-align : left; background-color: white; border: 0px #F0F0F0 solid; padding:0px 4px 0px 4px; white-space: nowrap; background-image: url(tbl_bck10.png)\" class=\"hierarchy\"><img src=\"tbl_spacer.png\" alt=\".\" style=\"background-color: inherit\" class=\"hierarchy\"/><img src=\"tbl_vjoin.png\" alt=\".\" style=\"background-color: inherit\" class=\"hierarchy\"/><img src=\"icon_datatype.gif\" alt=\".\" style=\"background-color: white; background-color: inherit\" title=\"Data Type\" class=\"hierarchy\"/> <a href=\"qicore-adverseevent-definitions.html#AdverseEvent.type\">type</a><a name=\"AdverseEvent.type\"> </a></td><td style=\"vertical-align: top; text-align : left; background-color: white; border: 0px #F0F0F0 solid; padding:0px 4px 0px 4px\" class=\"hierarchy\"><span style=\"padding: 3px; color: white; background-color: red\" title=\"This element must be supported\">S</span></td><td style=\"vertical-align: top; text-align : left; background-color: white; border: 0px #F0F0F0 solid; padding:0px 4px 0px 4px\" class=\"hierarchy\">1..1</td><td style=\"vertical-align: top; text-align : left; background-color: white; border: 0px #F0F0F0 solid; padding:0px 4px 0px 4px\" class=\"hierarchy\"><a style=\"opacity: 0.4\" href=\"http://hl7.org/fhir/STU3/datatypes.html#CodeableConcept\">CodeableConcept</a></td><td style=\"vertical-align: top; text-align : left; background-color: white; border: 0px #F0F0F0 solid; padding:0px 4px 0px 4px\" class=\"hierarchy\"><span style=\"opacity: 0.4\">actual | potential</span><br/><span style=\"font-weight:bold\">Binding: </span><a href=\"http://hl7.org/fhir/STU3/valueset-adverse-event-type.html\">SNOMED CT Clinical Findings</a> (<a href=\"http://hl7.org/fhir/STU3/terminologies.html#example\" title=\"Instances are not expected or even encouraged to draw from the specified value set.  The value set merely provides examples of the types of concepts intended to be included.\">example</a>)</td></tr>\r\n<tr style=\"border: 0px #F0F0F0 solid; padding:0px; vertical-align: top; background-color: white;\"><td style=\"vertical-align: top; text-align : left; background-color: white; border: 0px #F0F0F0 solid; padding:0px 4px 0px 4px; white-space: nowrap; background-image: url(tbl_bck10.png)\" class=\"hierarchy\"><img src=\"tbl_spacer.png\" alt=\".\" style=\"background-color: inherit\" class=\"hierarchy\"/><img src=\"tbl_vjoin.png\" alt=\".\" style=\"background-color: inherit\" class=\"hierarchy\"/><img src=\"icon_reference.png\" alt=\".\" style=\"background-color: white; background-color: inherit\" title=\"Reference to another Resource\" class=\"hierarchy\"/> <a href=\"qicore-adverseevent-definitions.html#AdverseEvent.subject\" title=\"This subject or group impacted by the event. With a prospective adverse event, there will be no subject as the adverse event was prevented.\">subject</a><a name=\"AdverseEvent.subject\"> </a></td><td style=\"vertical-align: top; text-align : left; background-color: white; border: 0px #F0F0F0 solid; padding:0px 4px 0px 4px\" class=\"hierarchy\"><span style=\"padding: 3px; color: white; background-color: red\" title=\"This element must be supported\">S</span></td><td style=\"vertical-align: top; text-align : left; background-color: white; border: 0px #F0F0F0 solid; padding:0px 4px 0px 4px\" class=\"hierarchy\">1..1</td><td style=\"vertical-align: top; text-align : left; background-color: white; border: 0px #F0F0F0 solid; padding:0px 4px 0px 4px\" class=\"hierarchy\"><a href=\"http://hl7.org/fhir/STU3/references.html\">Reference</a>(<a href=\"qicore-patient.html\">QICore-Patient</a>), <a href=\"http://hl7.org/fhir/STU3/references.html\">Reference</a>(<a href=\"http://hl7.org/fhir/STU3/researchsubject.html\">ResearchSubject</a>), <a href=\"http://hl7.org/fhir/STU3/references.html\">Reference</a>(<a href=\"qicore-medication.html\">QICore-Medication</a>), <a href=\"http://hl7.org/fhir/STU3/references.html\">Reference</a>(<a href=\"qicore-device.html\">QICore-Device</a>)</td><td style=\"vertical-align: top; text-align : left; background-color: white; border: 0px #F0F0F0 solid; padding:0px 4px 0px 4px\" class=\"hierarchy\"/></tr>\r\n<tr style=\"border: 0px #F0F0F0 solid; padding:0px; vertical-align: top; background-color: white;\"><td style=\"vertical-align: top; text-align : left; background-color: white; border: 0px #F0F0F0 solid; padding:0px 4px 0px 4px; white-space: nowrap; background-image: url(tbl_bck10.png)\" class=\"hierarchy\"><img src=\"tbl_spacer.png\" alt=\".\" style=\"background-color: inherit\" class=\"hierarchy\"/><img src=\"tbl_vjoin.png\" alt=\".\" style=\"background-color: inherit\" class=\"hierarchy\"/><img src=\"icon_primitive.png\" alt=\".\" style=\"background-color: white; background-color: inherit\" title=\"Primitive Data Type\" class=\"hierarchy\"/> <a href=\"qicore-adverseevent-definitions.html#AdverseEvent.date\" title=\"The date (and perhaps time) when the adverse event occurred.\">date</a><a name=\"AdverseEvent.date\"> </a></td><td style=\"vertical-align: top; text-align : left; background-color: white; border: 0px #F0F0F0 solid; padding:0px 4px 0px 4px\" class=\"hierarchy\"/><td style=\"vertical-align: top; text-align : left; background-color: white; border: 0px #F0F0F0 solid; padding:0px 4px 0px 4px\" class=\"hierarchy\"><span style=\"opacity: 0.4\">0</span><span style=\"opacity: 0.5\">..</span><span style=\"opacity: 0.4\">1</span></td><td style=\"vertical-align: top; text-align : left; background-color: white; border: 0px #F0F0F0 solid; padding:0px 4px 0px 4px\" class=\"hierarchy\"><a style=\"opacity: 0.4\" href=\"http://hl7.org/fhir/STU3/datatypes.html#dateTime\">dateTime</a></td><td style=\"vertical-align: top; text-align : left; background-color: white; border: 0px #F0F0F0 solid; padding:0px 4px 0px 4px\" class=\"hierarchy\"/></tr>\r\n<tr style=\"border: 0px #F0F0F0 solid; padding:0px; vertical-align: top; background-color: white;\"><td style=\"vertical-align: top; text-align : left; background-color: white; border: 0px #F0F0F0 solid; padding:0px 4px 0px 4px; white-space: nowrap; background-image: url(tbl_bck10.png)\" class=\"hierarchy\"><img src=\"tbl_spacer.png\" alt=\".\" style=\"background-color: inherit\" class=\"hierarchy\"/><img src=\"tbl_vjoin.png\" alt=\".\" style=\"background-color: inherit\" class=\"hierarchy\"/><img src=\"icon_reference.png\" alt=\".\" style=\"background-color: white; background-color: inherit\" title=\"Reference to another Resource\" class=\"hierarchy\"/> <a href=\"qicore-adverseevent-definitions.html#AdverseEvent.reaction\" title=\"Includes information about the reaction that occurred as a result of exposure to a substance (for example, a drug or a chemical).\">reaction</a><a name=\"AdverseEvent.reaction\"> </a></td><td style=\"vertical-align: top; text-align : left; background-color: white; border: 0px #F0F0F0 solid; padding:0px 4px 0px 4px\" class=\"hierarchy\"/><td style=\"vertical-align: top; text-align : left; background-color: white; border: 0px #F0F0F0 solid; padding:0px 4px 0px 4px\" class=\"hierarchy\"><span style=\"opacity: 0.4\">0</span><span style=\"opacity: 0.5\">..</span><span style=\"opacity: 0.4\">*</span></td><td style=\"vertical-align: top; text-align : left; background-color: white; border: 0px #F0F0F0 solid; padding:0px 4px 0px 4px\" class=\"hierarchy\"><a href=\"http://hl7.org/fhir/STU3/references.html\">Reference</a>(<a href=\"qicore-condition.html\">QICore-Condition</a>)</td><td style=\"vertical-align: top; text-align : left; background-color: white; border: 0px #F0F0F0 solid; padding:0px 4px 0px 4px\" class=\"hierarchy\"/></tr>\r\n<tr style=\"border: 0px #F0F0F0 solid; padding:0px; vertical-align: top; background-color: white;\"><td style=\"vertical-align: top; text-align : left; background-color: white; border: 0px #F0F0F0 solid; padding:0px 4px 0px 4px; white-space: nowrap; background-image: url(tbl_bck10.png)\" class=\"hierarchy\"><img src=\"tbl_spacer.png\" alt=\".\" style=\"background-color: inherit\" class=\"hierarchy\"/><img src=\"tbl_vjoin.png\" alt=\".\" style=\"background-color: inherit\" class=\"hierarchy\"/><img src=\"icon_reference.png\" alt=\".\" style=\"background-color: white; background-color: inherit\" title=\"Reference to another Resource\" class=\"hierarchy\"/> <a href=\"qicore-adverseevent-definitions.html#AdverseEvent.location\" title=\"The information about where the adverse event occurred.\">location</a><a name=\"AdverseEvent.location\"> </a></td><td style=\"vertical-align: top; text-align : left; background-color: white; border: 0px #F0F0F0 solid; padding:0px 4px 0px 4px\" class=\"hierarchy\"/><td style=\"vertical-align: top; text-align : left; background-color: white; border: 0px #F0F0F0 solid; padding:0px 4px 0px 4px\" class=\"hierarchy\"><span style=\"opacity: 0.4\">0</span><span style=\"opacity: 0.5\">..</span><span style=\"opacity: 0.4\">1</span></td><td style=\"vertical-align: top; text-align : left; background-color: white; border: 0px #F0F0F0 solid; padding:0px 4px 0px 4px\" class=\"hierarchy\"><a href=\"http://hl7.org/fhir/STU3/references.html\">Reference</a>(<a href=\"qicore-location.html\">QICore-Location</a>)</td><td style=\"vertical-align: top; text-align : left; background-color: white; border: 0px #F0F0F0 solid; padding:0px 4px 0px 4px\" class=\"hierarchy\"/></tr>\r\n<tr style=\"border: 0px #F0F0F0 solid; padding:0px; vertical-align: top; background-color: white;\"><td style=\"vertical-align: top; text-align : left; background-color: white; border: 0px #F0F0F0 solid; padding:0px 4px 0px 4px; white-space: nowrap; background-image: url(tbl_bck10.png)\" class=\"hierarchy\"><img src=\"tbl_spacer.png\" alt=\".\" style=\"background-color: inherit\" class=\"hierarchy\"/><img src=\"tbl_vjoin.png\" alt=\".\" style=\"background-color: inherit\" class=\"hierarchy\"/><img src=\"icon_datatype.gif\" alt=\".\" style=\"background-color: white; background-color: inherit\" title=\"Data Type\" class=\"hierarchy\"/> <a href=\"qicore-adverseevent-definitions.html#AdverseEvent.seriousness\" title=\"Describes the seriousness or severity of the adverse event.\">seriousness</a><a name=\"AdverseEvent.seriousness\"> </a></td><td style=\"vertical-align: top; text-align : left; background-color: white; border: 0px #F0F0F0 solid; padding:0px 4px 0px 4px\" class=\"hierarchy\"/><td style=\"vertical-align: top; text-align : left; background-color: white; border: 0px #F0F0F0 solid; padding:0px 4px 0px 4px\" class=\"hierarchy\"><span style=\"opacity: 0.4\">0</span><span style=\"opacity: 0.5\">..</span><span style=\"opacity: 0.4\">1</span></td><td style=\"vertical-align: top; text-align : left; background-color: white; border: 0px #F0F0F0 solid; padding:0px 4px 0px 4px\" class=\"hierarchy\"><a style=\"opacity: 0.4\" href=\"http://hl7.org/fhir/STU3/datatypes.html#CodeableConcept\">CodeableConcept</a></td><td style=\"vertical-align: top; text-align : left; background-color: white; border: 0px #F0F0F0 solid; padding:0px 4px 0px 4px\" class=\"hierarchy\"><span style=\"opacity: 0.4\">Mild | Moderate | Severe</span><br/><span style=\"font-weight:bold\">Binding: </span><a href=\"http://hl7.org/fhir/STU3/valueset-adverse-event-seriousness.html\">AdverseEventSeriousness</a> (<a href=\"http://hl7.org/fhir/STU3/terminologies.html#example\" title=\"Instances are not expected or even encouraged to draw from the specified value set.  The value set merely provides examples of the types of concepts intended to be included.\">example</a>)</td></tr>\r\n<tr style=\"border: 0px #F0F0F0 solid; padding:0px; vertical-align: top; background-color: white;\"><td style=\"vertical-align: top; text-align : left; background-color: white; border: 0px #F0F0F0 solid; padding:0px 4px 0px 4px; white-space: nowrap; background-image: url(tbl_bck10.png)\" class=\"hierarchy\"><img src=\"tbl_spacer.png\" alt=\".\" style=\"background-color: inherit\" class=\"hierarchy\"/><img src=\"tbl_vjoin.png\" alt=\".\" style=\"background-color: inherit\" class=\"hierarchy\"/><img src=\"icon_reference.png\" alt=\".\" style=\"background-color: white; background-color: inherit\" title=\"Reference to another Resource\" class=\"hierarchy\"/> <a href=\"qicore-adverseevent-definitions.html#AdverseEvent.recorder\" title=\"Information on who recorded the adverse event. May be the patient or a practitioner.\">recorder</a><a name=\"AdverseEvent.recorder\"> </a></td><td style=\"vertical-align: top; text-align : left; background-color: white; border: 0px #F0F0F0 solid; padding:0px 4px 0px 4px\" class=\"hierarchy\"/><td style=\"vertical-align: top; text-align : left; background-color: white; border: 0px #F0F0F0 solid; padding:0px 4px 0px 4px\" class=\"hierarchy\"><span style=\"opacity: 0.4\">0</span><span style=\"opacity: 0.5\">..</span><span style=\"opacity: 0.4\">1</span></td><td style=\"vertical-align: top; text-align : left; background-color: white; border: 0px #F0F0F0 solid; padding:0px 4px 0px 4px\" class=\"hierarchy\"><a href=\"http://hl7.org/fhir/STU3/references.html\">Reference</a>(<a href=\"qicore-patient.html\">QICore-Patient</a>), <a href=\"http://hl7.org/fhir/STU3/references.html\">Reference</a>(<a href=\"qicore-relatedperson.html\">QICore-RelatedPerson</a>), <a href=\"http://hl7.org/fhir/STU3/references.html\">Reference</a>(<a href=\"qicore-practitioner.html\">QICore-Practitioner</a>)</td><td style=\"vertical-align: top; text-align : left; background-color: white; border: 0px #F0F0F0 solid; padding:0px 4px 0px 4px\" class=\"hierarchy\"/></tr>\r\n<tr style=\"border: 0px #F0F0F0 solid; padding:0px; vertical-align: top; background-color: white;\"><td style=\"vertical-align: top; text-align : left; background-color: white; border: 0px #F0F0F0 solid; padding:0px 4px 0px 4px; white-space: nowrap; background-image: url(tbl_bck11.png)\" class=\"hierarchy\"><img src=\"tbl_spacer.png\" alt=\".\" style=\"background-color: inherit\" class=\"hierarchy\"/><img src=\"tbl_vjoin.png\" alt=\".\" style=\"background-color: inherit\" class=\"hierarchy\"/><img src=\"icon_datatype.gif\" alt=\".\" style=\"background-color: white; background-color: inherit\" title=\"Data Type\" class=\"hierarchy\"/> <a href=\"qicore-adverseevent-definitions.html#AdverseEvent.suspectEntity\" title=\"Describes the entity that is suspected to have caused the adverse event.\">suspectEntity</a><a name=\"AdverseEvent.suspectEntity\"> </a></td><td style=\"vertical-align: top; text-align : left; background-color: white; border: 0px #F0F0F0 solid; padding:0px 4px 0px 4px\" class=\"hierarchy\"/><td style=\"vertical-align: top; text-align : left; background-color: white; border: 0px #F0F0F0 solid; padding:0px 4px 0px 4px\" class=\"hierarchy\"><span style=\"opacity: 0.4\">0</span><span style=\"opacity: 0.5\">..</span><span style=\"opacity: 0.4\">*</span></td><td style=\"vertical-align: top; text-align : left; background-color: white; border: 0px #F0F0F0 solid; padding:0px 4px 0px 4px\" class=\"hierarchy\"><a style=\"opacity: 0.4\" href=\"http://hl7.org/fhir/STU3/datatypes.html#BackboneElement\">BackboneElement</a></td><td style=\"vertical-align: top; text-align : left; background-color: white; border: 0px #F0F0F0 solid; padding:0px 4px 0px 4px\" class=\"hierarchy\"/></tr>\r\n<tr style=\"border: 0px #F0F0F0 solid; padding:0px; vertical-align: top; background-color: white;\"><td style=\"vertical-align: top; text-align : left; background-color: white; border: 0px #F0F0F0 solid; padding:0px 4px 0px 4px; white-space: nowrap; background-image: url(tbl_bck110.png)\" class=\"hierarchy\"><img src=\"tbl_spacer.png\" alt=\".\" style=\"background-color: inherit\" class=\"hierarchy\"/><img src=\"tbl_vline.png\" alt=\".\" style=\"background-color: inherit\" class=\"hierarchy\"/><img src=\"tbl_vjoin.png\" alt=\".\" style=\"background-color: inherit\" class=\"hierarchy\"/><img src=\"icon_reference.png\" alt=\".\" style=\"background-color: white; background-color: inherit\" title=\"Reference to another Resource\" class=\"hierarchy\"/> <a href=\"qicore-adverseevent-definitions.html#AdverseEvent.suspectEntity.instance\" title=\"Identifies the actual instance of what caused the adverse event. May be a substance, medication, medication administration, medication statement or a device.\">instance</a><a name=\"AdverseEvent.suspectEntity.instance\"> </a></td><td style=\"vertical-align: top; text-align : left; background-color: white; border: 0px #F0F0F0 solid; padding:0px 4px 0px 4px\" class=\"hierarchy\"><span style=\"padding: 3px; color: white; background-color: red\" title=\"This element must be supported\">S</span></td><td style=\"vertical-align: top; text-align : left; background-color: white; border: 0px #F0F0F0 solid; padding:0px 4px 0px 4px\" class=\"hierarchy\"><span style=\"opacity: 0.4\">1</span><span style=\"opacity: 0.5\">..</span><span style=\"opacity: 0.4\">1</span></td><td style=\"vertical-align: top; text-align : left; background-color: white; border: 0px #F0F0F0 solid; padding:0px 4px 0px 4px\" class=\"hierarchy\"><a href=\"http://hl7.org/fhir/STU3/references.html\">Reference</a>(<a href=\"qicore-substance.html\">QICore-Substance</a>), <a href=\"http://hl7.org/fhir/STU3/references.html\">Reference</a>(<a href=\"qicore-medication.html\">QICore-Medication</a>), <a href=\"http://hl7.org/fhir/STU3/references.html\">Reference</a>(<a href=\"qicore-medicationadministration.html\">QICore-MedicationAdministration</a>), <a href=\"http://hl7.org/fhir/STU3/references.html\">Reference</a>(<a href=\"qicore-medicationstatement.html\">QICore-MedicationStatement</a>), <a href=\"http://hl7.org/fhir/STU3/references.html\">Reference</a>(<a href=\"qicore-device.html\">QICore-Device</a>)</td><td style=\"vertical-align: top; text-align : left; background-color: white; border: 0px #F0F0F0 solid; padding:0px 4px 0px 4px\" class=\"hierarchy\"/></tr>\r\n<tr style=\"border: 0px #F0F0F0 solid; padding:0px; vertical-align: top; background-color: white;\"><td style=\"vertical-align: top; text-align : left; background-color: white; border: 0px #F0F0F0 solid; padding:0px 4px 0px 4px; white-space: nowrap; background-image: url(tbl_bck110.png)\" class=\"hierarchy\"><img src=\"tbl_spacer.png\" alt=\".\" style=\"background-color: inherit\" class=\"hierarchy\"/><img src=\"tbl_vline.png\" alt=\".\" style=\"background-color: inherit\" class=\"hierarchy\"/><img src=\"tbl_vjoin.png\" alt=\".\" style=\"background-color: inherit\" class=\"hierarchy\"/><img src=\"icon_primitive.png\" alt=\".\" style=\"background-color: white; background-color: inherit\" title=\"Primitive Data Type\" class=\"hierarchy\"/> <a href=\"qicore-adverseevent-definitions.html#AdverseEvent.suspectEntity.causality\" title=\"causality1 | causality2.\">causality</a><a name=\"AdverseEvent.suspectEntity.causality\"> </a></td><td style=\"vertical-align: top; text-align : left; background-color: white; border: 0px #F0F0F0 solid; padding:0px 4px 0px 4px\" class=\"hierarchy\"/><td style=\"vertical-align: top; text-align : left; background-color: white; border: 0px #F0F0F0 solid; padding:0px 4px 0px 4px\" class=\"hierarchy\"><span style=\"opacity: 0.4\">0</span><span style=\"opacity: 0.5\">..</span><span style=\"opacity: 0.4\">1</span></td><td style=\"vertical-align: top; text-align : left; background-color: white; border: 0px #F0F0F0 solid; padding:0px 4px 0px 4px\" class=\"hierarchy\"><a style=\"opacity: 0.4\" href=\"http://hl7.org/fhir/STU3/datatypes.html#code\">code</a></td><td style=\"vertical-align: top; text-align : left; background-color: white; border: 0px #F0F0F0 solid; padding:0px 4px 0px 4px\" class=\"hierarchy\"><span style=\"opacity: 0.4\">causality1 | causality2</span><br/><span style=\"font-weight:bold\">Binding: </span><a href=\"http://hl7.org/fhir/STU3/valueset-adverse-event-causality.html\">AdverseEventCausality</a> (<a href=\"http://hl7.org/fhir/STU3/terminologies.html#required\" title=\"To be conformant, the concept in this element SHALL be from the specified value set\">required</a>)</td></tr>\r\n<tr style=\"border: 0px #F0F0F0 solid; padding:0px; vertical-align: top; background-color: white;\"><td style=\"vertical-align: top; text-align : left; background-color: white; border: 0px #F0F0F0 solid; padding:0px 4px 0px 4px; white-space: nowrap; background-image: url(tbl_bck100.png)\" class=\"hierarchy\"><img src=\"tbl_spacer.png\" alt=\".\" style=\"background-color: inherit\" class=\"hierarchy\"/><img src=\"tbl_vline.png\" alt=\".\" style=\"background-color: inherit\" class=\"hierarchy\"/><img src=\"tbl_vjoin_end.png\" alt=\".\" style=\"background-color: inherit\" class=\"hierarchy\"/><img src=\"icon_datatype.gif\" alt=\".\" style=\"background-color: white; background-color: inherit\" title=\"Data Type\" class=\"hierarchy\"/> <a href=\"qicore-adverseevent-definitions.html#AdverseEvent.suspectEntity.causalityAssessment\" title=\"assess1 | assess2.\">causalityAssessment</a><a name=\"AdverseEvent.suspectEntity.causalityAssessment\"> </a></td><td style=\"vertical-align: top; text-align : left; background-color: white; border: 0px #F0F0F0 solid; padding:0px 4px 0px 4px\" class=\"hierarchy\"/><td style=\"vertical-align: top; text-align : left; background-color: white; border: 0px #F0F0F0 solid; padding:0px 4px 0px 4px\" class=\"hierarchy\"><span style=\"opacity: 0.4\">0</span><span style=\"opacity: 0.5\">..</span><span style=\"opacity: 0.4\">1</span></td><td style=\"vertical-align: top; text-align : left; background-color: white; border: 0px #F0F0F0 solid; padding:0px 4px 0px 4px\" class=\"hierarchy\"><a style=\"opacity: 0.4\" href=\"http://hl7.org/fhir/STU3/datatypes.html#CodeableConcept\">CodeableConcept</a></td><td style=\"vertical-align: top; text-align : left; background-color: white; border: 0px #F0F0F0 solid; padding:0px 4px 0px 4px\" class=\"hierarchy\"><span style=\"opacity: 0.4\">assess1 | assess2</span><br/><span style=\"font-weight:bold\">Binding: </span><a href=\"http://hl7.org/fhir/STU3/valueset-adverse-event-causality-assess.html\">AdverseEventCausalityAssessment</a> (<a href=\"http://hl7.org/fhir/STU3/terminologies.html#example\" title=\"Instances are not expected or even encouraged to draw from the specified value set.  The value set merely provides examples of the types of concepts intended to be included.\">example</a>)</td></tr>\r\n<tr style=\"border: 0px #F0F0F0 solid; padding:0px; vertical-align: top; background-color: white;\"><td style=\"vertical-align: top; text-align : left; background-color: white; border: 0px #F0F0F0 solid; padding:0px 4px 0px 4px; white-space: nowrap; background-image: url(tbl_bck00.png)\" class=\"hierarchy\"><img src=\"tbl_spacer.png\" alt=\".\" style=\"background-color: inherit\" class=\"hierarchy\"/><img src=\"tbl_vjoin_end.png\" alt=\".\" style=\"background-color: inherit\" class=\"hierarchy\"/><img src=\"icon_reference.png\" alt=\".\" style=\"background-color: white; background-color: inherit\" title=\"Reference to another Resource\" class=\"hierarchy\"/> <a href=\"qicore-adverseevent-definitions.html#AdverseEvent.study\" title=\"TODO.\">study</a><a name=\"AdverseEvent.study\"> </a></td><td style=\"vertical-align: top; text-align : left; background-color: white; border: 0px #F0F0F0 solid; padding:0px 4px 0px 4px\" class=\"hierarchy\"/><td style=\"vertical-align: top; text-align : left; background-color: white; border: 0px #F0F0F0 solid; padding:0px 4px 0px 4px\" class=\"hierarchy\"><span style=\"opacity: 0.4\">0</span><span style=\"opacity: 0.5\">..</span><span style=\"opacity: 0.4\">*</span></td><td style=\"vertical-align: top; text-align : left; background-color: white; border: 0px #F0F0F0 solid; padding:0px 4px 0px 4px\" class=\"hierarchy\"><a href=\"http://hl7.org/fhir/STU3/references.html\">Reference</a>(<a style=\"opacity: 0.4\" href=\"http://hl7.org/fhir/STU3/researchstudy.html\">ResearchStudy</a>)</td><td style=\"vertical-align: top; text-align : left; background-color: white; border: 0px #F0F0F0 solid; padding:0px 4px 0px 4px\" class=\"hierarchy\"/></tr>\r\n<tr><td colspan=\"5\" class=\"hierarchy\"><br/><a href=\"http://hl7.org/fhir/STU3/formats.html#table\" title=\"Legend for this format\"><img src=\"http://hl7.org/fhir/STU3/help16.png\" alt=\"doco\" style=\"background-color: inherit\"/> Documentation for this format</a></td></tr></table></div>"},"url":"http://hl7.org/fhir/us/qicore/StructureDefinition/qicore-adverseevent","name":"QICore-AdverseEvent","status":"draft","date":"2017-08-21","publisher":"Health Level Seven International (Clinical Quality Information - QICore)","contact":[{"telecom":[{"system":"url","value":"http://hl7.org/special/committees/CQI"}]}],"fhirVersion":"3.0.1","mapping":[{"identity":"qdm","uri":"http://www.healthit.gov/quality-data-model","name":"Quality Data Model"},{"identity":"w5","uri":"http://hl7.org/fhir/w5","name":"W5 Mapping"},{"identity":"rim","uri":"http://hl7.org/v3","name":"RIM Mapping"}],"kind":"resource","abstract":false,"type":"AdverseEvent","baseDefinition":"http://hl7.org/fhir/StructureDefinition/AdverseEvent","derivation":"constraint","snapshot":{"element":[{"id":"AdverseEvent","path":"AdverseEvent","short":"An incident, near miss, unsafe condition, or untoward occurrence during treatment.","definition":"Actual or potential/avoided event causing unintended physical injury resulting from or contributed to by medical care, a research study or other healthcare setting factors that requires additional monitoring, treatment, or hospitalization, or that results in death.","alias":["AE"],"min":0,"max":"*","base":{"path":"AdverseEvent","min":0,"max":"*"},"constraint":[{"key":"dom-2","severity":"error","human":"If the resource is contained in another resource, it SHALL NOT contain nested Resources","expression":"contained.contained.empty()","xpath":"not(parent::f:contained and f:contained)","source":"DomainResource"},{"key":"dom-1","severity":"error","human":"If the resource is contained in another resource, it SHALL NOT contain any narrative","expression":"contained.text.empty()","xpath":"not(parent::f:contained and f:text)","source":"DomainResource"},{"key":"dom-4","severity":"error","human":"If a resource is contained in another resource, it SHALL NOT have a meta.versionId or a meta.lastUpdated","expression":"contained.meta.versionId.empty() and contained.meta.lastUpdated.empty()","xpath":"not(exists(f:contained/*/f:meta/f:versionId)) and not(exists(f:contained/*/f:meta/f:lastUpdated))","source":"DomainResource"},{"key":"dom-3","severity":"error","human":"If the resource is contained in another resource, it SHALL be referred to from elsewhere in the resource","expression":"contained.where(('#'+id in %resource.descendants().reference).not()).empty()","xpath":"not(exists(for $id in f:contained/*/@id return $id[not(ancestor::f:contained/parent::*/descendant::f:reference/@value=concat('#', $id))]))","source":"DomainResource"}],"mustSupport":false,"mapping":[{"identity":"rim","map":"Entity. Role, or Act"},{"identity":"w5","map":"clinical.general"},{"identity":"qdm","map":"Diagnostic Study, Adverse Event or Device, Adverse Event or Laboratory Test, Adverse Event or Medication, Adverse Effects or Procedure, Adverse Event or Substance, Adverse Event"}]},{"id":"AdverseEvent.id","path":"AdverseEvent.id","short":"Logical id of this artifact","definition":"The logical id of the resource, as used in the URL for the resource. Once assigned, this value never changes.","comment":"The only time that a resource does not have an id is when it is being submitted to the server using a create operation.","min":0,"max":"1","base":{"path":"Resource.id","min":0,"max":"1"},"type":[{"code":"id"}],"isSummary":true},{"id":"AdverseEvent.meta","path":"AdverseEvent.meta","short":"Metadata about the resource","definition":"The metadata about the resource. This is content that is maintained by the infrastructure. Changes to the content may not always be associated with version changes to the resource.","min":0,"max":"1","base":{"path":"Resource.meta","min":0,"max":"1"},"type":[{"code":"Meta"}],"isSummary":true},{"id":"AdverseEvent.implicitRules","path":"AdverseEvent.implicitRules","short":"A set of rules under which this content was created","definition":"A reference to a set of rules that were followed when the resource was constructed, and which must be understood when processing the content.","comment":"Asserting this rule set restricts the content to be only understood by a limited set of trading partners. This inherently limits the usefulness of the data in the long term. However, the existing health eco-system is highly fractured, and not yet ready to define, collect, and exchange data in a generally computable sense. Wherever possible, implementers and/or specification writers should avoid using this element. \n\nThis element is labelled as a modifier because the implicit rules may provide additional knowledge about the resource that modifies it's meaning or interpretation.","min":0,"max":"1","base":{"path":"Resource.implicitRules","min":0,"max":"1"},"type":[{"code":"uri"}],"isModifier":true,"isSummary":true},{"id":"AdverseEvent.language","path":"AdverseEvent.language","short":"Language of the resource content","definition":"The base language in which the resource is written.","comment":"Language is provided to support indexing and accessibility (typically, services such as text to speech use the language tag). The html language tag in the narrative applies  to the narrative. The language tag on the resource may be used to specify the language of other presentations generated from the data in the resource  Not all the content has to be in the base language. The Resource.language should not be assumed to apply to the narrative automatically. If a language is specified, it should it also be specified on the div element in the html (see rules in HTML5 for information about the relationship between xml:lang and the html lang attribute).","min":0,"max":"1","base":{"path":"Resource.language","min":0,"max":"1"},"type":[{"code":"code"}],"binding":{"extension":[{"url":"http://hl7.org/fhir/StructureDefinition/elementdefinition-maxValueSet","valueReference":{"reference":"http://hl7.org/fhir/ValueSet/all-languages"}},{"url":"http://hl7.org/fhir/StructureDefinition/elementdefinition-bindingName","valueString":"Language"},{"url":"http://hl7.org/fhir/StructureDefinition/elementdefinition-isCommonBinding","valueBoolean":true}],"strength":"extensible","description":"A human language.","valueSetReference":{"reference":"http://hl7.org/fhir/ValueSet/languages"}}},{"id":"AdverseEvent.text","path":"AdverseEvent.text","short":"Text summary of the resource, for human interpretation","definition":"A human-readable narrative that contains a summary of the resource, and may be used to represent the content of the resource to a human. The narrative need not encode all the structured data, but is required to contain sufficient detail to make it \"clinically safe\" for a human to just read the narrative. Resource definitions may define what content should be represented in the narrative to ensure clinical safety.","comment":"Contained resources do not have narrative. Resources that are not contained SHOULD have a narrative. In some cases, a resource may only have text with little or no additional discrete data (as long as all minOccurs=1 elements are satisfied).  This may be necessary for data from legacy systems where information is captured as a \"text blob\" or where text is additionally entered raw or narrated and encoded in formation is added later.","alias":["narrative","html","xhtml","display"],"min":0,"max":"1","base":{"path":"DomainResource.text","min":0,"max":"1"},"type":[{"code":"Narrative"}],"condition":["dom-1"],"mapping":[{"identity":"rim","map":"Act.text?"}]},{"id":"AdverseEvent.contained","path":"AdverseEvent.contained","short":"Contained, inline Resources","definition":"These resources do not have an independent existence apart from the resource that contains them - they cannot be identified independently, and nor can they have their own independent transaction scope.","comment":"This should never be done when the content can be identified properly, as once identification is lost, it is extremely difficult (and context dependent) to restore it again.","alias":["inline resources","anonymous resources","contained resources"],"min":0,"max":"*","base":{"path":"DomainResource.contained","min":0,"max":"*"},"type":[{"code":"Resource"}],"mapping":[{"identity":"rim","map":"N/A"}]},{"id":"AdverseEvent.extension","path":"AdverseEvent.extension","short":"Additional Content defined by implementations","definition":"May be used to represent additional information that is not part of the basic definition of the resource. In order to make the use of extensions safe and manageable, there is a strict set of governance  applied to the definition and use of extensions. Though any implementer is allowed to define an extension, there is a set of requirements that SHALL be met as part of the definition of the extension.","comment":"There can be no stigma associated with the use of extensions by any application, project, or standard - regardless of the institution or jurisdiction that uses or defines the extensions.  The use of extensions is what allows the FHIR specification to retain a core level of simplicity for everyone.","alias":["extensions","user content"],"min":0,"max":"*","base":{"path":"DomainResource.extension","min":0,"max":"*"},"type":[{"code":"Extension"}],"mapping":[{"identity":"rim","map":"N/A"}]},{"id":"AdverseEvent.modifierExtension","path":"AdverseEvent.modifierExtension","short":"Extensions that cannot be ignored","definition":"May be used to represent additional information that is not part of the basic definition of the resource, and that modifies the understanding of the element that contains it. Usually modifier elements provide negation or qualification. In order to make the use of extensions safe and manageable, there is a strict set of governance applied to the definition and use of extensions. Though any implementer is allowed to define an extension, there is a set of requirements that SHALL be met as part of the definition of the extension. Applications processing a resource are required to check for modifier extensions.","comment":"There can be no stigma associated with the use of extensions by any application, project, or standard - regardless of the institution or jurisdiction that uses or defines the extensions.  The use of extensions is what allows the FHIR specification to retain a core level of simplicity for everyone.","alias":["extensions","user content"],"min":0,"max":"*","base":{"path":"DomainResource.modifierExtension","min":0,"max":"*"},"type":[{"code":"Extension"}],"isModifier":true,"mapping":[{"identity":"rim","map":"N/A"}]},{"id":"AdverseEvent.identifier","path":"AdverseEvent.identifier","short":"Business identifier for the event","definition":"The identifier(s) of this adverse event that are assigned by business processes and/or used to refer to it when a direct URL reference to the resource itsefl is not appropriate.","min":0,"max":"1","base":{"path":"AdverseEvent.identifier","min":0,"max":"1"},"type":[{"code":"Identifier"}],"isSummary":true},{"id":"AdverseEvent.category","path":"AdverseEvent.category","short":"AE | PAE","definition":"The type of event which is important to characterize what occurred and caused harm to the subject, or had the potential to cause harm to the subject.","min":0,"max":"1","base":{"path":"AdverseEvent.category","min":0,"max":"1"},"type":[{"code":"code"}],"mustSupport":false,"isSummary":true,"binding":{"strength":"required","description":"Overall categorization of the event, e.g. real or potential","valueSetReference":{"reference":"http://hl7.org/fhir/ValueSet/adverse-event-category"}},"mapping":[{"identity":"w5","map":"class"}]},{"id":"AdverseEvent.type","path":"AdverseEvent.type","short":"actual | potential","definition":"This element defines the specific type of event that occurred or that was prevented from occurring.","min":1,"max":"1","base":{"path":"AdverseEvent.type","min":0,"max":"1"},"type":[{"code":"CodeableConcept"}],"mustSupport":true,"isSummary":true,"binding":{"strength":"example","description":"The type of adverse event: an incident, near-miss, or unsafe condition","valueSetReference":{"reference":"http://hl7.org/fhir/ValueSet/adverse-event-type"}},"mapping":[{"identity":"w5","map":"what"}]},{"id":"AdverseEvent.subject","path":"AdverseEvent.subject","short":"Subject or group impacted by event","definition":"This subject or group impacted by the event. With a prospective adverse event, there will be no subject as the adverse event was prevented.","alias":["patient"],"min":1,"max":"1","base":{"path":"AdverseEvent.subject","min":0,"max":"1"},"type":[{"code":"Reference","targetProfile":"http://hl7.org/fhir/us/qicore/StructureDefinition/qicore-patient"},{"code":"Reference","targetProfile":"http://hl7.org/fhir/StructureDefinition/ResearchSubject"},{"code":"Reference","targetProfile":"http://hl7.org/fhir/us/qicore/StructureDefinition/qicore-medication"},{"code":"Reference","targetProfile":"http://hl7.org/fhir/us/qicore/StructureDefinition/qicore-device"}],"mustSupport":true,"isSummary":true,"mapping":[{"identity":"w5","map":"who"}]},{"id":"AdverseEvent.date","path":"AdverseEvent.date","short":"When the event occurred","definition":"The date (and perhaps time) when the adverse event occurred.","min":0,"max":"1","base":{"path":"AdverseEvent.date","min":0,"max":"1"},"type":[{"code":"dateTime"}],"mustSupport":false,"isSummary":true,"mapping":[{"identity":"w5","map":"when.init"}]},{"id":"AdverseEvent.reaction","path":"AdverseEvent.reaction","short":"Adverse Reaction Events linked to exposure to substance","definition":"Includes information about the reaction that occurred as a result of exposure to a substance (for example, a drug or a chemical).","min":0,"max":"*","base":{"path":"AdverseEvent.reaction","min":0,"max":"*"},"type":[{"code":"Reference","targetProfile":"http://hl7.org/fhir/us/qicore/StructureDefinition/qicore-condition"}],"mustSupport":false,"isSummary":true},{"id":"AdverseEvent.location","path":"AdverseEvent.location","short":"Location where adverse event occurred","definition":"The information about where the adverse event occurred.","min":0,"max":"1","base":{"path":"AdverseEvent.location","min":0,"max":"1"},"type":[{"code":"Reference","targetProfile":"http://hl7.org/fhir/us/qicore/StructureDefinition/qicore-location"}],"mustSupport":false,"isSummary":true},{"id":"AdverseEvent.seriousness","path":"AdverseEvent.seriousness","short":"Mild | Moderate | Severe","definition":"Describes the seriousness or severity of the adverse event.","min":0,"max":"1","base":{"path":"AdverseEvent.seriousness","min":0,"max":"1"},"type":[{"code":"CodeableConcept"}],"mustSupport":false,"isSummary":true,"binding":{"strength":"example","description":"A subjective assessment of the severity of the adverse event as evaluated by the clinician.","valueSetReference":{"reference":"http://hl7.org/fhir/ValueSet/adverse-event-seriousness"}}},{"id":"AdverseEvent.outcome","path":"AdverseEvent.outcome","short":"resolved | recovering | ongoing | resolvedWithSequelae | fatal | unknown","definition":"Describes the type of outcome from the adverse event.","min":0,"max":"1","base":{"path":"AdverseEvent.outcome","min":0,"max":"1"},"type":[{"code":"CodeableConcept"}],"isSummary":true,"binding":{"extension":[{"url":"http://hl7.org/fhir/StructureDefinition/elementdefinition-bindingName","valueString":"AdverseEventOutcome"}],"strength":"required","description":"TODO (and should this be required?)","valueSetReference":{"reference":"http://hl7.org/fhir/ValueSet/adverse-event-outcome"}}},{"id":"AdverseEvent.recorder","path":"AdverseEvent.recorder","short":"Who recorded the adverse event","definition":"Information on who recorded the adverse event. May be the patient or a practitioner.","min":0,"max":"1","base":{"path":"AdverseEvent.recorder","min":0,"max":"1"},"type":[{"code":"Reference","targetProfile":"http://hl7.org/fhir/us/qicore/StructureDefinition/qicore-patient"},{"code":"Reference","targetProfile":"http://hl7.org/fhir/us/qicore/StructureDefinition/qicore-relatedperson"},{"code":"Reference","targetProfile":"http://hl7.org/fhir/us/qicore/StructureDefinition/qicore-practitioner"}],"mustSupport":false,"isSummary":true,"mapping":[{"identity":"w5","map":"who.author"}]},{"id":"AdverseEvent.eventParticipant","path":"AdverseEvent.eventParticipant","short":"Who  was involved in the adverse event or the potential adverse event","definition":"Parties that may or should contribute or have contributed information to the Act. Such information includes information leading to the decision to perform the Act and how to perform the Act (e.g. consultant), information that the Act itself seeks to reveal (e.g. informant of clinical history), or information about what Act was performed (e.g. informant witness).","min":0,"max":"1","base":{"path":"AdverseEvent.eventParticipant","min":0,"max":"1"},"type":[{"code":"Reference","targetProfile":"http://hl7.org/fhir/StructureDefinition/Practitioner"},{"code":"Reference","targetProfile":"http://hl7.org/fhir/StructureDefinition/Device"}],"isSummary":true},{"id":"AdverseEvent.description","path":"AdverseEvent.description","short":"Description of the adverse event","definition":"Describes the adverse event in text.","min":0,"max":"1","base":{"path":"AdverseEvent.description","min":0,"max":"1"},"type":[{"code":"string"}],"isSummary":true},{"id":"AdverseEvent.suspectEntity","path":"AdverseEvent.suspectEntity","short":"The suspected agent causing the adverse event","definition":"Describes the entity that is suspected to have caused the adverse event.","min":0,"max":"*","base":{"path":"AdverseEvent.suspectEntity","min":0,"max":"*"},"type":[{"code":"BackboneElement"}],"constraint":[{"key":"ele-1","severity":"error","human":"All FHIR elements must have a @value or children","expression":"hasValue() | (children().count() > id.count())","xpath":"@value|f:*|h:div","source":"Element"}],"mustSupport":false,"isSummary":true},{"id":"AdverseEvent.suspectEntity.id","path":"AdverseEvent.suspectEntity.id","representation":["xmlAttr"],"short":"xml:id (or equivalent in JSON)","definition":"unique id for the element within a resource (for internal references). This may be any string value that does not contain spaces.","min":0,"max":"1","base":{"path":"Element.id","min":0,"max":"1"},"type":[{"code":"string"}],"mapping":[{"identity":"rim","map":"n/a"}]},{"id":"AdverseEvent.suspectEntity.extension","path":"AdverseEvent.suspectEntity.extension","short":"Additional Content defined by implementations","definition":"May be used to represent additional information that is not part of the basic definition of the element. In order to make the use of extensions safe and manageable, there is a strict set of governance  applied to the definition and use of extensions. Though any implementer is allowed to define an extension, there is a set of requirements that SHALL be met as part of the definition of the extension.","comment":"There can be no stigma associated with the use of extensions by any application, project, or standard - regardless of the institution or jurisdiction that uses or defines the extensions.  The use of extensions is what allows the FHIR specification to retain a core level of simplicity for everyone.","alias":["extensions","user content"],"min":0,"max":"*","base":{"path":"Element.extension","min":0,"max":"*"},"type":[{"code":"Extension"}],"mapping":[{"identity":"rim","map":"n/a"}]},{"id":"AdverseEvent.suspectEntity.modifierExtension","path":"AdverseEvent.suspectEntity.modifierExtension","short":"Extensions that cannot be ignored","definition":"May be used to represent additional information that is not part of the basic definition of the element, and that modifies the understanding of the element that contains it. Usually modifier elements provide negation or qualification. In order to make the use of extensions safe and manageable, there is a strict set of governance applied to the definition and use of extensions. Though any implementer is allowed to define an extension, there is a set of requirements that SHALL be met as part of the definition of the extension. Applications processing a resource are required to check for modifier extensions.","comment":"There can be no stigma associated with the use of extensions by any application, project, or standard - regardless of the institution or jurisdiction that uses or defines the extensions.  The use of extensions is what allows the FHIR specification to retain a core level of simplicity for everyone.","alias":["extensions","user content","modifiers"],"min":0,"max":"*","base":{"path":"BackboneElement.modifierExtension","min":0,"max":"*"},"type":[{"code":"Extension"}],"isModifier":true,"isSummary":true,"mapping":[{"identity":"rim","map":"N/A"}]},{"id":"AdverseEvent.suspectEntity.instance","path":"AdverseEvent.suspectEntity.instance","short":"Refers to the specific entity that caused the adverse event","definition":"Identifies the actual instance of what caused the adverse event. May be a substance, medication, medication administration, medication statement or a device.","alias":["Substance or Medication or Device"],"min":1,"max":"1","base":{"path":"AdverseEvent.suspectEntity.instance","min":1,"max":"1"},"type":[{"code":"Reference","targetProfile":"http://hl7.org/fhir/us/qicore/StructureDefinition/qicore-substance"},{"code":"Reference","targetProfile":"http://hl7.org/fhir/us/qicore/StructureDefinition/qicore-medication"},{"code":"Reference","targetProfile":"http://hl7.org/fhir/us/qicore/StructureDefinition/qicore-medicationadministration"},{"code":"Reference","targetProfile":"http://hl7.org/fhir/us/qicore/StructureDefinition/qicore-medicationstatement"},{"code":"Reference","targetProfile":"http://hl7.org/fhir/us/qicore/StructureDefinition/qicore-device"}],"mustSupport":true,"isSummary":true},{"id":"AdverseEvent.suspectEntity.causality","path":"AdverseEvent.suspectEntity.causality","short":"causality1 | causality2","definition":"causality1 | causality2.","min":0,"max":"1","base":{"path":"AdverseEvent.suspectEntity.causality","min":0,"max":"1"},"type":[{"code":"code"}],"mustSupport":false,"isSummary":true,"binding":{"strength":"required","description":"The type of adverse event: an incident, near-miss, or unsafe condition","valueSetReference":{"reference":"http://hl7.org/fhir/ValueSet/adverse-event-causality"}}},{"id":"AdverseEvent.suspectEntity.causalityAssessment","path":"AdverseEvent.suspectEntity.causalityAssessment","short":"assess1 | assess2","definition":"assess1 | assess2.","min":0,"max":"1","base":{"path":"AdverseEvent.suspectEntity.causalityAssessment","min":0,"max":"1"},"type":[{"code":"CodeableConcept"}],"mustSupport":false,"isSummary":true,"binding":{"strength":"example","description":"The degree of confidence that this condition is correct","valueSetReference":{"reference":"http://hl7.org/fhir/ValueSet/adverse-event-causality-assess"}}},{"id":"AdverseEvent.suspectEntity.causalityProductRelatedness","path":"AdverseEvent.suspectEntity.causalityProductRelatedness","short":"AdverseEvent.suspectEntity.causalityProductRelatedness","definition":"AdverseEvent.suspectEntity.causalityProductRelatedness.","min":0,"max":"1","base":{"path":"AdverseEvent.suspectEntity.causalityProductRelatedness","min":0,"max":"1"},"type":[{"code":"string"}],"isSummary":true},{"id":"AdverseEvent.suspectEntity.causalityMethod","path":"AdverseEvent.suspectEntity.causalityMethod","short":"method1 | method2","definition":"method1 | method2.","min":0,"max":"1","base":{"path":"AdverseEvent.suspectEntity.causalityMethod","min":0,"max":"1"},"type":[{"code":"CodeableConcept"}],"isSummary":true,"binding":{"extension":[{"url":"http://hl7.org/fhir/StructureDefinition/elementdefinition-bindingName","valueString":"AdverseEventCausalityMethod"}],"strength":"example","description":"TODO","valueSetReference":{"reference":"http://hl7.org/fhir/ValueSet/adverse-event-causality-method"}}},{"id":"AdverseEvent.suspectEntity.causalityAuthor","path":"AdverseEvent.suspectEntity.causalityAuthor","short":"AdverseEvent.suspectEntity.causalityAuthor","definition":"AdverseEvent.suspectEntity.causalityAuthor.","min":0,"max":"1","base":{"path":"AdverseEvent.suspectEntity.causalityAuthor","min":0,"max":"1"},"type":[{"code":"Reference","targetProfile":"http://hl7.org/fhir/StructureDefinition/Practitioner"},{"code":"Reference","targetProfile":"http://hl7.org/fhir/StructureDefinition/PractitionerRole"}],"isSummary":true},{"id":"AdverseEvent.suspectEntity.causalityResult","path":"AdverseEvent.suspectEntity.causalityResult","short":"result1 | result2","definition":"result1 | result2.","min":0,"max":"1","base":{"path":"AdverseEvent.suspectEntity.causalityResult","min":0,"max":"1"},"type":[{"code":"CodeableConcept"}],"isSummary":true,"binding":{"extension":[{"url":"http://hl7.org/fhir/StructureDefinition/elementdefinition-bindingName","valueString":"AdverseEventCausalityResult"}],"strength":"example","description":"TODO","valueSetReference":{"reference":"http://hl7.org/fhir/ValueSet/adverse-event-causality-result"}}},{"id":"AdverseEvent.subjectMedicalHistory","path":"AdverseEvent.subjectMedicalHistory","short":"AdverseEvent.subjectMedicalHistory","definition":"AdverseEvent.subjectMedicalHistory.","min":0,"max":"*","base":{"path":"AdverseEvent.subjectMedicalHistory","min":0,"max":"*"},"type":[{"code":"Reference","targetProfile":"http://hl7.org/fhir/StructureDefinition/Condition"},{"code":"Reference","targetProfile":"http://hl7.org/fhir/StructureDefinition/Observation"},{"code":"Reference","targetProfile":"http://hl7.org/fhir/StructureDefinition/AllergyIntolerance"},{"code":"Reference","targetProfile":"http://hl7.org/fhir/StructureDefinition/FamilyMemberHistory"},{"code":"Reference","targetProfile":"http://hl7.org/fhir/StructureDefinition/Immunization"},{"code":"Reference","targetProfile":"http://hl7.org/fhir/StructureDefinition/Procedure"}],"isSummary":true},{"id":"AdverseEvent.referenceDocument","path":"AdverseEvent.referenceDocument","short":"AdverseEvent.referenceDocument","definition":"AdverseEvent.referenceDocument.","min":0,"max":"*","base":{"path":"AdverseEvent.referenceDocument","min":0,"max":"*"},"type":[{"code":"Reference","targetProfile":"http://hl7.org/fhir/StructureDefinition/DocumentReference"}],"isSummary":true},{"id":"AdverseEvent.study","path":"AdverseEvent.study","short":"AdverseEvent.study","definition":"TODO.","min":0,"max":"*","base":{"path":"AdverseEvent.study","min":0,"max":"*"},"type":[{"code":"Reference","targetProfile":"http://hl7.org/fhir/StructureDefinition/ResearchStudy"}],"mustSupport":false,"isSummary":true}]},"differential":{"element":[{"id":"AdverseEvent","path":"AdverseEvent","short":"An incident, near miss, unsafe condition, or untoward occurrence during treatment.","definition":"Actual or potential/avoided event causing unintended physical injury resulting from or contributed to by medical care, a research study or other healthcare setting factors that requires additional monitoring, treatment, or hospitalization, or that results in death.","mustSupport":false,"isModifier":false,"mapping":[{"identity":"qdm","map":"Diagnostic Study, Adverse Event or Device, Adverse Event or Laboratory Test, Adverse Event or Medication, Adverse Effects or Procedure, Adverse Event or Substance, Adverse Event"}]},{"id":"AdverseEvent.category","path":"AdverseEvent.category","short":"AE | PAE","definition":"The type of event which is important to characterize what occurred and caused harm to the subject, or had the potential to cause harm to the subject.","min":0,"max":"1","type":[{"code":"code"}],"mustSupport":false,"isModifier":false,"binding":{"strength":"required","description":"Overall categorization of the event, e.g. real or potential","valueSetReference":{"reference":"http://hl7.org/fhir/ValueSet/adverse-event-category"}}},{"id":"AdverseEvent.type","path":"AdverseEvent.type","short":"actual | potential","min":1,"max":"1","type":[{"code":"CodeableConcept"}],"mustSupport":true,"isModifier":false,"binding":{"strength":"example","description":"The type of adverse event: an incident, near-miss, or unsafe condition","valueSetReference":{"reference":"http://hl7.org/fhir/ValueSet/adverse-event-type"}}},{"id":"AdverseEvent.subject","path":"AdverseEvent.subject","definition":"This subject or group impacted by the event. With a prospective adverse event, there will be no subject as the adverse event was prevented.","min":1,"max":"1","type":[{"code":"Reference","targetProfile":"http://hl7.org/fhir/us/qicore/StructureDefinition/qicore-patient"},{"code":"Reference","targetProfile":"http://hl7.org/fhir/StructureDefinition/ResearchSubject"},{"code":"Reference","targetProfile":"http://hl7.org/fhir/us/qicore/StructureDefinition/qicore-medication"},{"code":"Reference","targetProfile":"http://hl7.org/fhir/us/qicore/StructureDefinition/qicore-device"}],"mustSupport":true,"isModifier":false},{"id":"AdverseEvent.date","path":"AdverseEvent.date","definition":"The date (and perhaps time) when the adverse event occurred.","min":0,"max":"1","type":[{"code":"dateTime"}],"mustSupport":false,"isModifier":false},{"id":"AdverseEvent.reaction","path":"AdverseEvent.reaction","definition":"Includes information about the reaction that occurred as a result of exposure to a substance (for example, a drug or a chemical).","min":0,"max":"*","type":[{"code":"Reference","targetProfile":"http://hl7.org/fhir/us/qicore/StructureDefinition/qicore-condition"}],"mustSupport":false,"isModifier":false},{"id":"AdverseEvent.location","path":"AdverseEvent.location","definition":"The information about where the adverse event occurred.","min":0,"max":"1","type":[{"code":"Reference","targetProfile":"http://hl7.org/fhir/us/qicore/StructureDefinition/qicore-location"}],"mustSupport":false,"isModifier":false},{"id":"AdverseEvent.seriousness","path":"AdverseEvent.seriousness","short":"Mild | Moderate | Severe","definition":"Describes the seriousness or severity of the adverse event.","min":0,"max":"1","type":[{"code":"CodeableConcept"}],"mustSupport":false,"isModifier":false,"binding":{"strength":"example","description":"A subjective assessment of the severity of the adverse event as evaluated by the clinician.","valueSetReference":{"reference":"http://hl7.org/fhir/ValueSet/adverse-event-seriousness"}}},{"id":"AdverseEvent.recorder","path":"AdverseEvent.recorder","definition":"Information on who recorded the adverse event. May be the patient or a practitioner.","min":0,"max":"1","type":[{"code":"Reference","targetProfile":"http://hl7.org/fhir/us/qicore/StructureDefinition/qicore-patient"},{"code":"Reference","targetProfile":"http://hl7.org/fhir/us/qicore/StructureDefinition/qicore-relatedperson"},{"code":"Reference","targetProfile":"http://hl7.org/fhir/us/qicore/StructureDefinition/qicore-practitioner"}],"mustSupport":false,"isModifier":false},{"id":"AdverseEvent.suspectEntity","path":"AdverseEvent.suspectEntity","definition":"Describes the entity that is suspected to have caused the adverse event.","min":0,"max":"*","type":[{"code":"BackboneElement"}],"mustSupport":false,"isModifier":false},{"id":"AdverseEvent.suspectEntity.instance","path":"AdverseEvent.suspectEntity.instance","definition":"Identifies the actual instance of what caused the adverse event. May be a substance, medication, medication administration, medication statement or a device.","min":1,"max":"1","type":[{"code":"Reference","targetProfile":"http://hl7.org/fhir/us/qicore/StructureDefinition/qicore-substance"},{"code":"Reference","targetProfile":"http://hl7.org/fhir/us/qicore/StructureDefinition/qicore-medication"},{"code":"Reference","targetProfile":"http://hl7.org/fhir/us/qicore/StructureDefinition/qicore-medicationadministration"},{"code":"Reference","targetProfile":"http://hl7.org/fhir/us/qicore/StructureDefinition/qicore-medicationstatement"},{"code":"Reference","targetProfile":"http://hl7.org/fhir/us/qicore/StructureDefinition/qicore-device"}],"mustSupport":true,"isModifier":false},{"id":"AdverseEvent.suspectEntity.causality","path":"AdverseEvent.suspectEntity.causality","short":"causality1 | causality2","definition":"causality1 | causality2.","min":0,"max":"1","type":[{"code":"code"}],"mustSupport":false,"isModifier":false,"binding":{"strength":"required","description":"The type of adverse event: an incident, near-miss, or unsafe condition","valueSetReference":{"reference":"http://hl7.org/fhir/ValueSet/adverse-event-causality"}}},{"id":"AdverseEvent.suspectEntity.causalityAssessment","path":"AdverseEvent.suspectEntity.causalityAssessment","short":"assess1 | assess2","definition":"assess1 | assess2.","min":0,"max":"1","type":[{"code":"CodeableConcept"}],"mustSupport":false,"isModifier":false,"binding":{"strength":"example","description":"The degree of confidence that this condition is correct","valueSetReference":{"reference":"http://hl7.org/fhir/ValueSet/adverse-event-causality-assess"}}},{"id":"AdverseEvent.study","path":"AdverseEvent.study","definition":"TODO.","min":0,"max":"*","type":[{"code":"Reference","targetProfile":"http://hl7.org/fhir/StructureDefinition/ResearchStudy"}],"mustSupport":false,"isModifier":false}]}}