{"resourceType":"StructureDefinition","id":"qicore-condition","text":{"status":"generated","div":"<div xmlns=\"http://www.w3.org/1999/xhtml\"><table border=\"0\" cellpadding=\"0\" cellspacing=\"0\" style=\"border: 0px #F0F0F0 solid; font-size: 11px; font-family: verdana; vertical-align: top;\"><tr style=\"border: 1px #F0F0F0 solid; font-size: 11px; font-family: verdana; vertical-align: top;\"><th style=\"vertical-align: top; text-align : left; background-color: white; border: 0px #F0F0F0 solid; padding:0px 4px 0px 4px\" class=\"hierarchy\"><a href=\"http://hl7.org/fhir/STU3/formats.html#table\" title=\"The logical name of the element\">Name</a></th><th style=\"vertical-align: top; text-align : left; background-color: white; border: 0px #F0F0F0 solid; padding:0px 4px 0px 4px\" class=\"hierarchy\"><a href=\"http://hl7.org/fhir/STU3/formats.html#table\" title=\"Information about the use of the element\">Flags</a></th><th style=\"vertical-align: top; text-align : left; background-color: white; border: 0px #F0F0F0 solid; padding:0px 4px 0px 4px\" class=\"hierarchy\"><a href=\"http://hl7.org/fhir/STU3/formats.html#table\" title=\"Minimum and Maximum # of times the the element can appear in the instance\">Card.</a></th><th style=\"width: 100px\" class=\"hierarchy\"><a href=\"http://hl7.org/fhir/STU3/formats.html#table\" title=\"Reference to the type of the element\">Type</a></th><th style=\"vertical-align: top; text-align : left; background-color: white; border: 0px #F0F0F0 solid; padding:0px 4px 0px 4px\" class=\"hierarchy\"><a href=\"http://hl7.org/fhir/STU3/formats.html#table\" title=\"Additional information about the element\">Description &amp; Constraints</a><span style=\"float: right\"><a href=\"http://hl7.org/fhir/STU3/formats.html#table\" title=\"Legend for this format\"><img src=\"http://hl7.org/fhir/STU3/help16.png\" alt=\"doco\" style=\"background-color: inherit\"/></a></span></th></tr><tr style=\"border: 0px #F0F0F0 solid; padding:0px; vertical-align: top; background-color: white;\"><td style=\"vertical-align: top; text-align : left; background-color: white; border: 0px #F0F0F0 solid; padding:0px 4px 0px 4px; white-space: nowrap; background-image: url(tbl_bck1.png)\" class=\"hierarchy\"><img src=\"tbl_spacer.png\" alt=\".\" style=\"background-color: inherit\" class=\"hierarchy\"/><img src=\"icon_element.gif\" alt=\".\" style=\"background-color: white; background-color: inherit\" title=\"Element\" class=\"hierarchy\"/> <a href=\"qicore-condition-definitions.html#Condition\" title=\"A clinical condition, problem, diagnosis, or other event, situation, issue, or clinical concept that has risen to a level of concern.\">Condition</a><a name=\"Condition\"> </a></td><td style=\"vertical-align: top; text-align : left; background-color: white; border: 0px #F0F0F0 solid; padding:0px 4px 0px 4px\" class=\"hierarchy\"/><td style=\"vertical-align: top; text-align : left; background-color: white; border: 0px #F0F0F0 solid; padding:0px 4px 0px 4px\" class=\"hierarchy\"><span style=\"opacity: 0.4\">0</span><span style=\"opacity: 0.5\">..</span><span style=\"opacity: 0.4\">*</span></td><td style=\"vertical-align: top; text-align : left; background-color: white; border: 0px #F0F0F0 solid; padding:0px 4px 0px 4px\" class=\"hierarchy\"/><td style=\"vertical-align: top; text-align : left; background-color: white; border: 0px #F0F0F0 solid; padding:0px 4px 0px 4px\" class=\"hierarchy\"><span style=\"opacity: 0.4\">Detailed information about conditions, problems or diagnoses</span></td></tr>\n    <tr style=\"border: 0px #F0F0F0 solid; padding:0px; vertical-align: top; background-color: white;\"><td style=\"vertical-align: top; text-align : left; background-color: white; border: 0px #F0F0F0 solid; padding:0px 4px 0px 4px; white-space: nowrap; background-image: url(tbl_bck10.png)\" class=\"hierarchy\"><img src=\"tbl_spacer.png\" alt=\".\" style=\"background-color: inherit\" class=\"hierarchy\"/><img src=\"tbl_vjoin.png\" alt=\".\" style=\"background-color: inherit\" class=\"hierarchy\"/><img src=\"icon_primitive.png\" alt=\".\" style=\"background-color: white; background-color: inherit\" title=\"Primitive Data Type\" class=\"hierarchy\"/> <a href=\"qicore-condition-definitions.html#Condition.clinicalStatus\" title=\"The clinical status of the condition.\">clinicalStatus</a><a name=\"Condition.clinicalStatus\"> </a></td><td style=\"vertical-align: top; text-align : left; background-color: white; border: 0px #F0F0F0 solid; padding:0px 4px 0px 4px\" class=\"hierarchy\"><span style=\"padding: 3px; color: white; background-color: red\" title=\"This element must be supported\">S</span></td><td style=\"vertical-align: top; text-align : left; background-color: white; border: 0px #F0F0F0 solid; padding:0px 4px 0px 4px\" class=\"hierarchy\"><span style=\"opacity: 0.4\">0</span><span style=\"opacity: 0.5\">..</span><span style=\"opacity: 0.4\">1</span></td><td style=\"vertical-align: top; text-align : left; background-color: white; border: 0px #F0F0F0 solid; padding:0px 4px 0px 4px\" class=\"hierarchy\"><a style=\"opacity: 0.4\" href=\"http://hl7.org/fhir/STU3/datatypes.html#code\">code</a></td><td style=\"vertical-align: top; text-align : left; background-color: white; border: 0px #F0F0F0 solid; padding:0px 4px 0px 4px\" class=\"hierarchy\"><span style=\"opacity: 0.4\">active | recurrence | inactive | remission | resolved</span><br/><span style=\"font-weight:bold\">Binding: </span><a href=\"http://hl7.org/fhir/STU3/valueset-condition-clinical.html\">Condition Clinical Status Codes</a> (<a href=\"http://hl7.org/fhir/STU3/terminologies.html#required\" title=\"To be conformant, the concept in this element SHALL be from the specified value set\">required</a>)</td></tr>\n    <tr style=\"border: 0px #F0F0F0 solid; padding:0px; vertical-align: top; background-color: white;\"><td style=\"vertical-align: top; text-align : left; background-color: white; border: 0px #F0F0F0 solid; padding:0px 4px 0px 4px; white-space: nowrap; background-image: url(tbl_bck10.png)\" class=\"hierarchy\"><img src=\"tbl_spacer.png\" alt=\".\" style=\"background-color: inherit\" class=\"hierarchy\"/><img src=\"tbl_vjoin.png\" alt=\".\" style=\"background-color: inherit\" class=\"hierarchy\"/><img src=\"icon_primitive.png\" alt=\".\" style=\"background-color: white; background-color: inherit\" title=\"Primitive Data Type\" class=\"hierarchy\"/> <a href=\"qicore-condition-definitions.html#Condition.verificationStatus\" title=\"The verification status to support the clinical status of the condition.\">verificationStatus</a><a name=\"Condition.verificationStatus\"> </a></td><td style=\"vertical-align: top; text-align : left; background-color: white; border: 0px #F0F0F0 solid; padding:0px 4px 0px 4px\" class=\"hierarchy\"><span style=\"padding: 3px; color: white; background-color: red\" title=\"This element must be supported\">S</span></td><td style=\"vertical-align: top; text-align : left; background-color: white; border: 0px #F0F0F0 solid; padding:0px 4px 0px 4px\" class=\"hierarchy\"><span style=\"opacity: 0.4\">0</span><span style=\"opacity: 0.5\">..</span><span style=\"opacity: 0.4\">1</span></td><td style=\"vertical-align: top; text-align : left; background-color: white; border: 0px #F0F0F0 solid; padding:0px 4px 0px 4px\" class=\"hierarchy\"><a style=\"opacity: 0.4\" href=\"http://hl7.org/fhir/STU3/datatypes.html#code\">code</a></td><td style=\"vertical-align: top; text-align : left; background-color: white; border: 0px #F0F0F0 solid; padding:0px 4px 0px 4px\" class=\"hierarchy\"><span style=\"opacity: 0.4\">provisional | differential | confirmed | refuted | entered-in-error | unknown</span><br/><span style=\"font-weight:bold\">Binding: </span><a href=\"http://hl7.org/fhir/STU3/valueset-condition-ver-status.html\">ConditionVerificationStatus</a> (<a href=\"http://hl7.org/fhir/STU3/terminologies.html#required\" title=\"To be conformant, the concept in this element SHALL be from the specified value set\">required</a>)</td></tr>\n    <tr style=\"border: 0px #F0F0F0 solid; padding:0px; vertical-align: top; background-color: white;\"><td style=\"vertical-align: top; text-align : left; background-color: white; border: 0px #F0F0F0 solid; padding:0px 4px 0px 4px; white-space: nowrap; background-image: url(tbl_bck10.png)\" class=\"hierarchy\"><img src=\"tbl_spacer.png\" alt=\".\" style=\"background-color: inherit\" class=\"hierarchy\"/><img src=\"tbl_vjoin.png\" alt=\".\" style=\"background-color: inherit\" class=\"hierarchy\"/><img src=\"icon_datatype.gif\" alt=\".\" style=\"background-color: white; background-color: inherit\" title=\"Data Type\" class=\"hierarchy\"/> <a href=\"qicore-condition-definitions.html#Condition.category\" title=\"A category assigned to the condition.\">category</a><a name=\"Condition.category\"> </a></td><td style=\"vertical-align: top; text-align : left; background-color: white; border: 0px #F0F0F0 solid; padding:0px 4px 0px 4px\" class=\"hierarchy\"><span style=\"padding: 3px; color: white; background-color: red\" title=\"This element must be supported\">S</span></td><td style=\"vertical-align: top; text-align : left; background-color: white; border: 0px #F0F0F0 solid; padding:0px 4px 0px 4px\" class=\"hierarchy\"><span style=\"opacity: 0.4\">0</span><span style=\"opacity: 0.5\">..</span><span style=\"opacity: 0.4\">*</span></td><td style=\"vertical-align: top; text-align : left; background-color: white; border: 0px #F0F0F0 solid; padding:0px 4px 0px 4px\" class=\"hierarchy\"><a style=\"opacity: 0.4\" href=\"http://hl7.org/fhir/STU3/datatypes.html#CodeableConcept\">CodeableConcept</a></td><td style=\"vertical-align: top; text-align : left; background-color: white; border: 0px #F0F0F0 solid; padding:0px 4px 0px 4px\" class=\"hierarchy\">problem-list-item | encounter-diagnosis | problem | health-concern<br/><span style=\"font-weight:bold\">Binding: </span><a href=\"http://hl7.org/fhir/us/core/ValueSet-us-core-condition-category.html\">US Core Condition Category Codes</a> (<a href=\"http://hl7.org/fhir/STU3/terminologies.html#preferred\" title=\"Instances are encouraged to draw from the specified codes for interoperability purposes but are not required to do so to be considered conformant.\">preferred</a>)<br/></td></tr>\n    <tr style=\"border: 0px #F0F0F0 solid; padding:0px; vertical-align: top; background-color: white;\"><td style=\"vertical-align: top; text-align : left; background-color: white; border: 0px #F0F0F0 solid; padding:0px 4px 0px 4px; white-space: nowrap; background-image: url(tbl_bck10.png)\" class=\"hierarchy\"><img src=\"tbl_spacer.png\" alt=\".\" style=\"background-color: inherit\" class=\"hierarchy\"/><img src=\"tbl_vjoin.png\" alt=\".\" style=\"background-color: inherit\" class=\"hierarchy\"/><img src=\"icon_datatype.gif\" alt=\".\" style=\"background-color: white; background-color: inherit\" title=\"Data Type\" class=\"hierarchy\"/> <a href=\"qicore-condition-definitions.html#Condition.severity\" title=\"A subjective assessment of the severity of the condition as evaluated by the clinician.\">severity</a><a name=\"Condition.severity\"> </a></td><td style=\"vertical-align: top; text-align : left; background-color: white; border: 0px #F0F0F0 solid; padding:0px 4px 0px 4px\" class=\"hierarchy\"><span style=\"padding: 3px; color: white; background-color: red\" title=\"This element must be supported\">S</span></td><td style=\"vertical-align: top; text-align : left; background-color: white; border: 0px #F0F0F0 solid; padding:0px 4px 0px 4px\" class=\"hierarchy\"><span style=\"opacity: 0.4\">0</span><span style=\"opacity: 0.5\">..</span><span style=\"opacity: 0.4\">1</span></td><td style=\"vertical-align: top; text-align : left; background-color: white; border: 0px #F0F0F0 solid; padding:0px 4px 0px 4px\" class=\"hierarchy\"><a style=\"opacity: 0.4\" href=\"http://hl7.org/fhir/STU3/datatypes.html#CodeableConcept\">CodeableConcept</a></td><td style=\"vertical-align: top; text-align : left; background-color: white; border: 0px #F0F0F0 solid; padding:0px 4px 0px 4px\" class=\"hierarchy\"><span style=\"opacity: 0.4\">Subjective severity of condition</span><br/><span style=\"font-weight:bold\">Binding: </span><a href=\"http://hl7.org/fhir/STU3/valueset-condition-severity.html\">Condition/Diagnosis Severity</a> (<a href=\"http://hl7.org/fhir/STU3/terminologies.html#preferred\" title=\"Instances are encouraged to draw from the specified codes for interoperability purposes but are not required to do so to be considered conformant.\">preferred</a>)</td></tr>\n    <tr style=\"border: 0px #F0F0F0 solid; padding:0px; vertical-align: top; background-color: white;\"><td style=\"vertical-align: top; text-align : left; background-color: white; border: 0px #F0F0F0 solid; padding:0px 4px 0px 4px; white-space: nowrap; background-image: url(tbl_bck10.png)\" class=\"hierarchy\"><img src=\"tbl_spacer.png\" alt=\".\" style=\"background-color: inherit\" class=\"hierarchy\"/><img src=\"tbl_vjoin.png\" alt=\".\" style=\"background-color: inherit\" class=\"hierarchy\"/><img src=\"icon_datatype.gif\" alt=\".\" style=\"background-color: white; background-color: inherit\" title=\"Data Type\" class=\"hierarchy\"/> <a href=\"qicore-condition-definitions.html#Condition.code\" title=\"This describes the problem.\">code</a><a name=\"Condition.code\"> </a></td><td style=\"vertical-align: top; text-align : left; background-color: white; border: 0px #F0F0F0 solid; padding:0px 4px 0px 4px\" class=\"hierarchy\"><span style=\"padding: 3px; color: white; background-color: red\" title=\"This element must be supported\">S</span></td><td style=\"vertical-align: top; text-align : left; background-color: white; border: 0px #F0F0F0 solid; padding:0px 4px 0px 4px\" class=\"hierarchy\">1..1</td><td style=\"vertical-align: top; text-align : left; background-color: white; border: 0px #F0F0F0 solid; padding:0px 4px 0px 4px\" class=\"hierarchy\"><a style=\"opacity: 0.4\" href=\"http://hl7.org/fhir/STU3/datatypes.html#CodeableConcept\">CodeableConcept</a></td><td style=\"vertical-align: top; text-align : left; background-color: white; border: 0px #F0F0F0 solid; padding:0px 4px 0px 4px\" class=\"hierarchy\"><span style=\"opacity: 0.4\">Identification of the condition, problem or diagnosis</span><br/><span style=\"font-weight:bold\">Binding: </span><a href=\"http://hl7.org/fhir/us/core/ValueSet-us-core-problem.html\">Problem Value Set</a> (<a href=\"http://hl7.org/fhir/STU3/terminologies.html#preferred\" title=\"Instances are encouraged to draw from the specified codes for interoperability purposes but are not required to do so to be considered conformant.\">preferred</a>)</td></tr>\n    <tr style=\"border: 0px #F0F0F0 solid; padding:0px; vertical-align: top; background-color: white;\"><td style=\"vertical-align: top; text-align : left; background-color: white; border: 0px #F0F0F0 solid; padding:0px 4px 0px 4px; white-space: nowrap; background-image: url(tbl_bck10.png)\" class=\"hierarchy\"><img src=\"tbl_spacer.png\" alt=\".\" style=\"background-color: inherit\" class=\"hierarchy\"/><img src=\"tbl_vjoin.png\" alt=\".\" style=\"background-color: inherit\" class=\"hierarchy\"/><img src=\"icon_datatype.gif\" alt=\".\" style=\"background-color: white; background-color: inherit\" title=\"Data Type\" class=\"hierarchy\"/> <a href=\"qicore-condition-definitions.html#Condition.bodySite\" title=\"The anatomical location where this condition manifests itself.\">bodySite</a><a name=\"Condition.bodySite\"> </a></td><td style=\"vertical-align: top; text-align : left; background-color: white; border: 0px #F0F0F0 solid; padding:0px 4px 0px 4px\" class=\"hierarchy\"><span style=\"padding: 3px; color: white; background-color: red\" title=\"This element must be supported\">S</span></td><td style=\"vertical-align: top; text-align : left; background-color: white; border: 0px #F0F0F0 solid; padding:0px 4px 0px 4px\" class=\"hierarchy\"><span style=\"opacity: 0.4\">0</span><span style=\"opacity: 0.5\">..</span><span style=\"opacity: 0.4\">*</span></td><td style=\"vertical-align: top; text-align : left; background-color: white; border: 0px #F0F0F0 solid; padding:0px 4px 0px 4px\" class=\"hierarchy\"><a style=\"opacity: 0.4\" href=\"http://hl7.org/fhir/STU3/datatypes.html#CodeableConcept\">CodeableConcept</a></td><td style=\"vertical-align: top; text-align : left; background-color: white; border: 0px #F0F0F0 solid; padding:0px 4px 0px 4px\" class=\"hierarchy\"><span style=\"opacity: 0.4\">Anatomical location, if relevant</span><br/><span style=\"font-weight:bold\">Binding: </span><a href=\"http://hl7.org/fhir/STU3/valueset-body-site.html\">SNOMED CT Body Structures</a> (<a href=\"http://hl7.org/fhir/STU3/terminologies.html#example\" title=\"Instances are not expected or even encouraged to draw from the specified value set.  The value set merely provides examples of the types of concepts intended to be included.\">example</a>)<br/></td></tr>\n    <tr style=\"border: 0px #F0F0F0 solid; padding:0px; vertical-align: top; background-color: white;\"><td style=\"vertical-align: top; text-align : left; background-color: white; border: 0px #F0F0F0 solid; padding:0px 4px 0px 4px; white-space: nowrap; background-image: url(tbl_bck10.png)\" class=\"hierarchy\"><img src=\"tbl_spacer.png\" alt=\".\" style=\"background-color: inherit\" class=\"hierarchy\"/><img src=\"tbl_vjoin.png\" alt=\".\" style=\"background-color: inherit\" class=\"hierarchy\"/><img src=\"icon_reference.png\" alt=\".\" style=\"background-color: white; background-color: inherit\" title=\"Reference to another Resource\" class=\"hierarchy\"/> <a href=\"qicore-condition-definitions.html#Condition.subject\" title=\"Indicates the patient or group who the condition record is associated with.\">subject</a><a name=\"Condition.subject\"> </a></td><td style=\"vertical-align: top; text-align : left; background-color: white; border: 0px #F0F0F0 solid; padding:0px 4px 0px 4px\" class=\"hierarchy\"><span style=\"padding: 3px; color: white; background-color: red\" title=\"This element must be supported\">S</span></td><td style=\"vertical-align: top; text-align : left; background-color: white; border: 0px #F0F0F0 solid; padding:0px 4px 0px 4px\" class=\"hierarchy\"><span style=\"opacity: 0.4\">1</span><span style=\"opacity: 0.5\">..</span><span style=\"opacity: 0.4\">1</span></td><td style=\"vertical-align: top; text-align : left; background-color: white; border: 0px #F0F0F0 solid; padding:0px 4px 0px 4px\" class=\"hierarchy\"><a href=\"http://hl7.org/fhir/STU3/references.html\">Reference</a>(<a href=\"qicore-patient.html\">QICore-Patient</a>), <a href=\"http://hl7.org/fhir/STU3/references.html\">Reference</a>(<a href=\"http://hl7.org/fhir/STU3/group.html\">Group</a>)</td><td style=\"vertical-align: top; text-align : left; background-color: white; border: 0px #F0F0F0 solid; padding:0px 4px 0px 4px\" class=\"hierarchy\"><span style=\"opacity: 0.4\">Who has the condition?</span></td></tr>\n    <tr style=\"border: 0px #F0F0F0 solid; padding:0px; vertical-align: top; background-color: white;\"><td style=\"vertical-align: top; text-align : left; background-color: white; border: 0px #F0F0F0 solid; padding:0px 4px 0px 4px; white-space: nowrap; background-image: url(tbl_bck10.png)\" class=\"hierarchy\"><img src=\"tbl_spacer.png\" alt=\".\" style=\"background-color: inherit\" class=\"hierarchy\"/><img src=\"tbl_vjoin.png\" alt=\".\" style=\"background-color: inherit\" class=\"hierarchy\"/><img src=\"icon_reference.png\" alt=\".\" style=\"background-color: white; background-color: inherit\" title=\"Reference to another Resource\" class=\"hierarchy\"/> <a href=\"qicore-condition-definitions.html#Condition.context\" title=\"Encounter during which the condition was first asserted.\">context</a><a name=\"Condition.context\"> </a></td><td style=\"vertical-align: top; text-align : left; background-color: white; border: 0px #F0F0F0 solid; padding:0px 4px 0px 4px\" class=\"hierarchy\"><span style=\"padding: 3px; color: white; background-color: red\" title=\"This element must be supported\">S</span></td><td style=\"vertical-align: top; text-align : left; background-color: white; border: 0px #F0F0F0 solid; padding:0px 4px 0px 4px\" class=\"hierarchy\"><span style=\"opacity: 0.4\">0</span><span style=\"opacity: 0.5\">..</span><span style=\"opacity: 0.4\">1</span></td><td style=\"vertical-align: top; text-align : left; background-color: white; border: 0px #F0F0F0 solid; padding:0px 4px 0px 4px\" class=\"hierarchy\"><a href=\"http://hl7.org/fhir/STU3/references.html\">Reference</a>(<a href=\"qicore-encounter.html\">QICore-Encounter</a>), <a href=\"http://hl7.org/fhir/STU3/references.html\">Reference</a>(<a href=\"http://hl7.org/fhir/STU3/episodeofcare.html\">EpisodeOfCare</a>)</td><td style=\"vertical-align: top; text-align : left; background-color: white; border: 0px #F0F0F0 solid; padding:0px 4px 0px 4px\" class=\"hierarchy\"><span style=\"opacity: 0.4\">Encounter or episode when condition first asserted</span></td></tr>\n    <tr style=\"border: 0px #F0F0F0 solid; padding:0px; vertical-align: top; background-color: white;\"><td style=\"vertical-align: top; text-align : left; background-color: white; border: 0px #F0F0F0 solid; padding:0px 4px 0px 4px; white-space: nowrap; background-image: url(tbl_bck10.png)\" class=\"hierarchy\"><img src=\"tbl_spacer.png\" alt=\".\" style=\"background-color: inherit\" class=\"hierarchy\"/><img src=\"tbl_vjoin.png\" alt=\".\" style=\"background-color: inherit\" class=\"hierarchy\"/><img src=\"icon_element.gif\" alt=\".\" style=\"background-color: white; background-color: inherit\" title=\"Element\" class=\"hierarchy\"/> <a href=\"qicore-condition-definitions.html#Condition.onset[x]\" title=\"Estimated or actual date or date-time the condition began, in the opinion of the clinician.\">onset[x]</a><a name=\"Condition.onset_x_\"> </a></td><td style=\"vertical-align: top; text-align : left; background-color: white; border: 0px #F0F0F0 solid; padding:0px 4px 0px 4px\" class=\"hierarchy\"><span style=\"padding: 3px; color: white; background-color: red\" title=\"This element must be supported\">S</span></td><td style=\"vertical-align: top; text-align : left; background-color: white; border: 0px #F0F0F0 solid; padding:0px 4px 0px 4px\" class=\"hierarchy\"><span style=\"opacity: 0.4\">0</span><span style=\"opacity: 0.5\">..</span><span style=\"opacity: 0.4\">1</span></td><td style=\"vertical-align: top; text-align : left; background-color: white; border: 0px #F0F0F0 solid; padding:0px 4px 0px 4px\" class=\"hierarchy\"><a style=\"opacity: 0.4\" href=\"http://hl7.org/fhir/STU3/datatypes.html#dateTime\">dateTime</a><span style=\"opacity: 0.4\">, </span><a style=\"opacity: 0.4\" href=\"http://hl7.org/fhir/STU3/datatypes.html#Age\">Age</a><span style=\"opacity: 0.4\">, </span><a style=\"opacity: 0.4\" href=\"http://hl7.org/fhir/STU3/datatypes.html#Period\">Period</a><span style=\"opacity: 0.4\">, </span><a style=\"opacity: 0.4\" href=\"http://hl7.org/fhir/STU3/datatypes.html#Range\">Range</a><span style=\"opacity: 0.4\">, </span><a style=\"opacity: 0.4\" href=\"http://hl7.org/fhir/STU3/datatypes.html#string\">string</a></td><td style=\"vertical-align: top; text-align : left; background-color: white; border: 0px #F0F0F0 solid; padding:0px 4px 0px 4px\" class=\"hierarchy\">Estimated or actual date, date-time, or age</td></tr>\n    <tr style=\"border: 0px #F0F0F0 solid; padding:0px; vertical-align: top; background-color: white;\"><td style=\"vertical-align: top; text-align : left; background-color: white; border: 0px #F0F0F0 solid; padding:0px 4px 0px 4px; white-space: nowrap; background-image: url(tbl_bck10.png)\" class=\"hierarchy\"><img src=\"tbl_spacer.png\" alt=\".\" style=\"background-color: inherit\" class=\"hierarchy\"/><img src=\"tbl_vjoin.png\" alt=\".\" style=\"background-color: inherit\" class=\"hierarchy\"/><img src=\"icon_element.gif\" alt=\".\" style=\"background-color: white; background-color: inherit\" title=\"Element\" class=\"hierarchy\"/> <a href=\"qicore-condition-definitions.html#Condition.abatement[x]\" title=\"The date or estimated date that the condition resolved or went into remission.\">abatement[x]</a><a name=\"Condition.abatement_x_\"> </a></td><td style=\"vertical-align: top; text-align : left; background-color: white; border: 0px #F0F0F0 solid; padding:0px 4px 0px 4px\" class=\"hierarchy\"><span style=\"padding: 3px; color: white; background-color: red\" title=\"This element must be supported\">S</span></td><td style=\"vertical-align: top; text-align : left; background-color: white; border: 0px #F0F0F0 solid; padding:0px 4px 0px 4px\" class=\"hierarchy\"><span style=\"opacity: 0.4\">0</span><span style=\"opacity: 0.5\">..</span><span style=\"opacity: 0.4\">1</span></td><td style=\"vertical-align: top; text-align : left; background-color: white; border: 0px #F0F0F0 solid; padding:0px 4px 0px 4px\" class=\"hierarchy\"><a style=\"opacity: 0.4\" href=\"http://hl7.org/fhir/STU3/datatypes.html#dateTime\">dateTime</a><span style=\"opacity: 0.4\">, </span><a style=\"opacity: 0.4\" href=\"http://hl7.org/fhir/STU3/datatypes.html#Age\">Age</a><span style=\"opacity: 0.4\">, </span><a style=\"opacity: 0.4\" href=\"http://hl7.org/fhir/STU3/datatypes.html#boolean\">boolean</a><span style=\"opacity: 0.4\">, </span><a style=\"opacity: 0.4\" href=\"http://hl7.org/fhir/STU3/datatypes.html#Period\">Period</a><span style=\"opacity: 0.4\">, </span><a style=\"opacity: 0.4\" href=\"http://hl7.org/fhir/STU3/datatypes.html#Range\">Range</a><span style=\"opacity: 0.4\">, </span><a style=\"opacity: 0.4\" href=\"http://hl7.org/fhir/STU3/datatypes.html#string\">string</a></td><td style=\"vertical-align: top; text-align : left; background-color: white; border: 0px #F0F0F0 solid; padding:0px 4px 0px 4px\" class=\"hierarchy\"><span style=\"opacity: 0.4\">If/when in resolution/remission</span></td></tr>\n    <tr style=\"border: 0px #F0F0F0 solid; padding:0px; vertical-align: top; background-color: white;\"><td style=\"vertical-align: top; text-align : left; background-color: white; border: 0px #F0F0F0 solid; padding:0px 4px 0px 4px; white-space: nowrap; background-image: url(tbl_bck10.png)\" class=\"hierarchy\"><img src=\"tbl_spacer.png\" alt=\".\" style=\"background-color: inherit\" class=\"hierarchy\"/><img src=\"tbl_vjoin.png\" alt=\".\" style=\"background-color: inherit\" class=\"hierarchy\"/><img src=\"icon_element.gif\" alt=\".\" style=\"background-color: white; background-color: inherit\" title=\"Element\" class=\"hierarchy\"/> <a href=\"qicore-condition-definitions.html#Condition.assertedDate\" title=\"The date on which the existance of the Condition was first asserted or acknowledged.\">assertedDate</a><a name=\"Condition.assertedDate\"> </a></td><td style=\"vertical-align: top; text-align : left; background-color: white; border: 0px #F0F0F0 solid; padding:0px 4px 0px 4px\" class=\"hierarchy\"><span style=\"padding: 3px; color: white; background-color: red\" title=\"This element must be supported\">S</span></td><td style=\"vertical-align: top; text-align : left; background-color: white; border: 0px #F0F0F0 solid; padding:0px 4px 0px 4px\" class=\"hierarchy\"><span style=\"opacity: 0.4\">0</span><span style=\"opacity: 0.5\">..</span><span style=\"opacity: 0.4\">1</span></td><td style=\"vertical-align: top; text-align : left; background-color: white; border: 0px #F0F0F0 solid; padding:0px 4px 0px 4px\" class=\"hierarchy\"><a style=\"opacity: 0.4\" href=\"http://hl7.org/fhir/STU3/datatypes.html#dateTime\">dateTime</a></td><td style=\"vertical-align: top; text-align : left; background-color: white; border: 0px #F0F0F0 solid; padding:0px 4px 0px 4px\" class=\"hierarchy\"><span style=\"opacity: 0.4\">Date record was believed accurate</span></td></tr>\n    <tr style=\"border: 0px #F0F0F0 solid; padding:0px; vertical-align: top; background-color: white;\"><td style=\"vertical-align: top; text-align : left; background-color: white; border: 0px #F0F0F0 solid; padding:0px 4px 0px 4px; white-space: nowrap; background-image: url(tbl_bck10.png)\" class=\"hierarchy\"><img src=\"tbl_spacer.png\" alt=\".\" style=\"background-color: inherit\" class=\"hierarchy\"/><img src=\"tbl_vjoin.png\" alt=\".\" style=\"background-color: inherit\" class=\"hierarchy\"/><img src=\"icon_reference.png\" alt=\".\" style=\"background-color: white; background-color: inherit\" title=\"Reference to another Resource\" class=\"hierarchy\"/> <a href=\"qicore-condition-definitions.html#Condition.asserter\" title=\"Individual who is making the condition statement.\">asserter</a><a name=\"Condition.asserter\"> </a></td><td style=\"vertical-align: top; text-align : left; background-color: white; border: 0px #F0F0F0 solid; padding:0px 4px 0px 4px\" class=\"hierarchy\"/><td style=\"vertical-align: top; text-align : left; background-color: white; border: 0px #F0F0F0 solid; padding:0px 4px 0px 4px\" class=\"hierarchy\"><span style=\"opacity: 0.4\">0</span><span style=\"opacity: 0.5\">..</span><span style=\"opacity: 0.4\">1</span></td><td style=\"vertical-align: top; text-align : left; background-color: white; border: 0px #F0F0F0 solid; padding:0px 4px 0px 4px\" class=\"hierarchy\"><a href=\"http://hl7.org/fhir/STU3/references.html\">Reference</a>(<a href=\"qicore-patient.html\">QICore-Patient</a>), <a href=\"http://hl7.org/fhir/STU3/references.html\">Reference</a>(<a href=\"qicore-practitioner.html\">QICore-Practitioner</a>), <a href=\"http://hl7.org/fhir/STU3/references.html\">Reference</a>(<a href=\"qicore-relatedperson.html\">QICore-RelatedPerson</a>)</td><td style=\"vertical-align: top; text-align : left; background-color: white; border: 0px #F0F0F0 solid; padding:0px 4px 0px 4px\" class=\"hierarchy\"><span style=\"opacity: 0.4\">Person who asserts this condition</span></td></tr>\n    <tr style=\"border: 0px #F0F0F0 solid; padding:0px; vertical-align: top; background-color: white;\"><td style=\"vertical-align: top; text-align : left; background-color: white; border: 0px #F0F0F0 solid; padding:0px 4px 0px 4px; white-space: nowrap; background-image: url(tbl_bck11.png)\" class=\"hierarchy\"><img src=\"tbl_spacer.png\" alt=\".\" style=\"background-color: inherit\" class=\"hierarchy\"/><img src=\"tbl_vjoin.png\" alt=\".\" style=\"background-color: inherit\" class=\"hierarchy\"/><img src=\"icon_element.gif\" alt=\".\" style=\"background-color: white; background-color: inherit\" title=\"Element\" class=\"hierarchy\"/> <a href=\"qicore-condition-definitions.html#Condition.stage\" title=\"Clinical stage or grade of a condition. May include formal severity assessments.\">stage</a><a name=\"Condition.stage\"> </a></td><td style=\"vertical-align: top; text-align : left; background-color: white; border: 0px #F0F0F0 solid; padding:0px 4px 0px 4px\" class=\"hierarchy\"><span style=\"padding: 3px; color: white; background-color: red\" title=\"This element must be supported\">S</span></td><td style=\"vertical-align: top; text-align : left; background-color: white; border: 0px #F0F0F0 solid; padding:0px 4px 0px 4px\" class=\"hierarchy\"><span style=\"opacity: 0.4\">0</span><span style=\"opacity: 0.5\">..</span><span style=\"opacity: 0.4\">1</span></td><td style=\"vertical-align: top; text-align : left; background-color: white; border: 0px #F0F0F0 solid; padding:0px 4px 0px 4px\" class=\"hierarchy\"><a style=\"opacity: 0.4\" href=\"http://hl7.org/fhir/STU3/datatypes.html#BackboneElement\">BackboneElement</a></td><td style=\"vertical-align: top; text-align : left; background-color: white; border: 0px #F0F0F0 solid; padding:0px 4px 0px 4px\" class=\"hierarchy\"><span style=\"opacity: 0.4\">Stage/grade, usually assessed formally</span></td></tr>\n    <tr style=\"border: 0px #F0F0F0 solid; padding:0px; vertical-align: top; background-color: white;\"><td style=\"vertical-align: top; text-align : left; background-color: white; border: 0px #F0F0F0 solid; padding:0px 4px 0px 4px; white-space: nowrap; background-image: url(tbl_bck110.png)\" class=\"hierarchy\"><img src=\"tbl_spacer.png\" alt=\".\" style=\"background-color: inherit\" class=\"hierarchy\"/><img src=\"tbl_vline.png\" alt=\".\" style=\"background-color: inherit\" class=\"hierarchy\"/><img src=\"tbl_vjoin.png\" alt=\".\" style=\"background-color: inherit\" class=\"hierarchy\"/><img src=\"icon_datatype.gif\" alt=\".\" style=\"background-color: white; background-color: inherit\" title=\"Data Type\" class=\"hierarchy\"/> <a href=\"qicore-condition-definitions.html#Condition.stage.summary\" title=\"A simple summary of the stage such as &quot;Stage 3&quot;. The determination of the stage is disease-specific.\">summary</a><a name=\"Condition.stage.summary\"> </a></td><td style=\"vertical-align: top; text-align : left; background-color: white; border: 0px #F0F0F0 solid; padding:0px 4px 0px 4px\" class=\"hierarchy\"><span style=\"padding: 3px; color: white; background-color: red\" title=\"This element must be supported\">S</span></td><td style=\"vertical-align: top; text-align : left; background-color: white; border: 0px #F0F0F0 solid; padding:0px 4px 0px 4px\" class=\"hierarchy\"><span style=\"opacity: 0.4\">0</span><span style=\"opacity: 0.5\">..</span><span style=\"opacity: 0.4\">1</span></td><td style=\"vertical-align: top; text-align : left; background-color: white; border: 0px #F0F0F0 solid; padding:0px 4px 0px 4px\" class=\"hierarchy\"><a style=\"opacity: 0.4\" href=\"http://hl7.org/fhir/STU3/datatypes.html#CodeableConcept\">CodeableConcept</a></td><td style=\"vertical-align: top; text-align : left; background-color: white; border: 0px #F0F0F0 solid; padding:0px 4px 0px 4px\" class=\"hierarchy\"><span style=\"opacity: 0.4\">Simple summary (disease specific)</span><br/><span style=\"font-weight:bold\">Binding: </span><a href=\"http://hl7.org/fhir/STU3/valueset-condition-stage.html\">Condition Stage</a> (<a href=\"http://hl7.org/fhir/STU3/terminologies.html#example\" title=\"Instances are not expected or even encouraged to draw from the specified value set.  The value set merely provides examples of the types of concepts intended to be included.\">example</a>)</td></tr>\n    <tr style=\"border: 0px #F0F0F0 solid; padding:0px; vertical-align: top; background-color: white;\"><td style=\"vertical-align: top; text-align : left; background-color: white; border: 0px #F0F0F0 solid; padding:0px 4px 0px 4px; white-space: nowrap; background-image: url(tbl_bck100.png)\" class=\"hierarchy\"><img src=\"tbl_spacer.png\" alt=\".\" style=\"background-color: inherit\" class=\"hierarchy\"/><img src=\"tbl_vline.png\" alt=\".\" style=\"background-color: inherit\" class=\"hierarchy\"/><img src=\"tbl_vjoin_end.png\" alt=\".\" style=\"background-color: inherit\" class=\"hierarchy\"/><img src=\"icon_reference.png\" alt=\".\" style=\"background-color: white; background-color: inherit\" title=\"Reference to another Resource\" class=\"hierarchy\"/> <a href=\"qicore-condition-definitions.html#Condition.stage.assessment\" title=\"Reference to a formal record of the evidence on which the staging assessment is based.\">assessment</a><a name=\"Condition.stage.assessment\"> </a></td><td style=\"vertical-align: top; text-align : left; background-color: white; border: 0px #F0F0F0 solid; padding:0px 4px 0px 4px\" class=\"hierarchy\"/><td style=\"vertical-align: top; text-align : left; background-color: white; border: 0px #F0F0F0 solid; padding:0px 4px 0px 4px\" class=\"hierarchy\"><span style=\"opacity: 0.4\">0</span><span style=\"opacity: 0.5\">..</span><span style=\"opacity: 0.4\">*</span></td><td style=\"vertical-align: top; text-align : left; background-color: white; border: 0px #F0F0F0 solid; padding:0px 4px 0px 4px\" class=\"hierarchy\"><a href=\"http://hl7.org/fhir/STU3/references.html\">Reference</a>(<a style=\"opacity: 0.4\" href=\"http://hl7.org/fhir/STU3/clinicalimpression.html\">ClinicalImpression</a>)<span style=\"opacity: 0.4\">, </span><a href=\"http://hl7.org/fhir/STU3/references.html\">Reference</a>(<a style=\"opacity: 0.4\" href=\"http://hl7.org/fhir/STU3/diagnosticreport.html\">DiagnosticReport</a>)<span style=\"opacity: 0.4\">, </span><a href=\"http://hl7.org/fhir/STU3/references.html\">Reference</a>(<a style=\"opacity: 0.4\" href=\"http://hl7.org/fhir/STU3/observation.html\">Observation</a>)</td><td style=\"vertical-align: top; text-align : left; background-color: white; border: 0px #F0F0F0 solid; padding:0px 4px 0px 4px\" class=\"hierarchy\"><span style=\"opacity: 0.4\">Formal record of assessment</span><br/></td></tr>\n    <tr style=\"border: 0px #F0F0F0 solid; padding:0px; vertical-align: top; background-color: white;\"><td style=\"vertical-align: top; text-align : left; background-color: white; border: 0px #F0F0F0 solid; padding:0px 4px 0px 4px; white-space: nowrap; background-image: url(tbl_bck11.png)\" class=\"hierarchy\"><img src=\"tbl_spacer.png\" alt=\".\" style=\"background-color: inherit\" class=\"hierarchy\"/><img src=\"tbl_vjoin.png\" alt=\".\" style=\"background-color: inherit\" class=\"hierarchy\"/><img src=\"icon_datatype.gif\" alt=\".\" style=\"background-color: white; background-color: inherit\" title=\"Data Type\" class=\"hierarchy\"/> <a href=\"qicore-condition-definitions.html#Condition.evidence\" title=\"Supporting Evidence / manifestations that are the basis on which this condition is suspected or confirmed.\">evidence</a><a name=\"Condition.evidence\"> </a></td><td style=\"vertical-align: top; text-align : left; background-color: white; border: 0px #F0F0F0 solid; padding:0px 4px 0px 4px\" class=\"hierarchy\"/><td style=\"vertical-align: top; text-align : left; background-color: white; border: 0px #F0F0F0 solid; padding:0px 4px 0px 4px\" class=\"hierarchy\"><span style=\"opacity: 0.4\">0</span><span style=\"opacity: 0.5\">..</span><span style=\"opacity: 0.4\">*</span></td><td style=\"vertical-align: top; text-align : left; background-color: white; border: 0px #F0F0F0 solid; padding:0px 4px 0px 4px\" class=\"hierarchy\"><a style=\"opacity: 0.4\" href=\"http://hl7.org/fhir/STU3/datatypes.html#BackboneElement\">BackboneElement</a></td><td style=\"vertical-align: top; text-align : left; background-color: white; border: 0px #F0F0F0 solid; padding:0px 4px 0px 4px\" class=\"hierarchy\"><span style=\"opacity: 0.4\">Supporting evidence</span><br/></td></tr>\n    <tr style=\"border: 0px #F0F0F0 solid; padding:0px; vertical-align: top; background-color: white;\"><td style=\"vertical-align: top; text-align : left; background-color: white; border: 0px #F0F0F0 solid; padding:0px 4px 0px 4px; white-space: nowrap; background-image: url(tbl_bck110.png)\" class=\"hierarchy\"><img src=\"tbl_spacer.png\" alt=\".\" style=\"background-color: inherit\" class=\"hierarchy\"/><img src=\"tbl_vline.png\" alt=\".\" style=\"background-color: inherit\" class=\"hierarchy\"/><img src=\"tbl_vjoin.png\" alt=\".\" style=\"background-color: inherit\" class=\"hierarchy\"/><img src=\"icon_datatype.gif\" alt=\".\" style=\"background-color: white; background-color: inherit\" title=\"Data Type\" class=\"hierarchy\"/> <a href=\"qicore-condition-definitions.html#Condition.evidence.code\" title=\"A manifestation or symptom that led to the recording of this condition.\">code</a><a name=\"Condition.evidence.code\"> </a></td><td style=\"vertical-align: top; text-align : left; background-color: white; border: 0px #F0F0F0 solid; padding:0px 4px 0px 4px\" class=\"hierarchy\"/><td style=\"vertical-align: top; text-align : left; background-color: white; border: 0px #F0F0F0 solid; padding:0px 4px 0px 4px\" class=\"hierarchy\"><span style=\"opacity: 0.4\">0</span><span style=\"opacity: 0.5\">..</span><span style=\"opacity: 0.4\">*</span></td><td style=\"vertical-align: top; text-align : left; background-color: white; border: 0px #F0F0F0 solid; padding:0px 4px 0px 4px\" class=\"hierarchy\"><a style=\"opacity: 0.4\" href=\"http://hl7.org/fhir/STU3/datatypes.html#CodeableConcept\">CodeableConcept</a></td><td style=\"vertical-align: top; text-align : left; background-color: white; border: 0px #F0F0F0 solid; padding:0px 4px 0px 4px\" class=\"hierarchy\"><span style=\"opacity: 0.4\">Manifestation/symptom</span><br/><span style=\"font-weight:bold\">Binding: </span><a href=\"http://hl7.org/fhir/STU3/valueset-manifestation-or-symptom.html\">Manifestation and Symptom Codes</a> (<a href=\"http://hl7.org/fhir/STU3/terminologies.html#example\" title=\"Instances are not expected or even encouraged to draw from the specified value set.  The value set merely provides examples of the types of concepts intended to be included.\">example</a>)<br/></td></tr>\n    <tr style=\"border: 0px #F0F0F0 solid; padding:0px; vertical-align: top; background-color: white;\"><td style=\"vertical-align: top; text-align : left; background-color: white; border: 0px #F0F0F0 solid; padding:0px 4px 0px 4px; white-space: nowrap; background-image: url(tbl_bck100.png)\" class=\"hierarchy\"><img src=\"tbl_spacer.png\" alt=\".\" style=\"background-color: inherit\" class=\"hierarchy\"/><img src=\"tbl_vline.png\" alt=\".\" style=\"background-color: inherit\" class=\"hierarchy\"/><img src=\"tbl_vjoin_end.png\" alt=\".\" style=\"background-color: inherit\" class=\"hierarchy\"/><img src=\"icon_reference.png\" alt=\".\" style=\"background-color: white; background-color: inherit\" title=\"Reference to another Resource\" class=\"hierarchy\"/> <a href=\"qicore-condition-definitions.html#Condition.evidence.detail\" title=\"Links to other relevant information, including pathology reports.\">detail</a><a name=\"Condition.evidence.detail\"> </a></td><td style=\"vertical-align: top; text-align : left; background-color: white; border: 0px #F0F0F0 solid; padding:0px 4px 0px 4px\" class=\"hierarchy\"/><td style=\"vertical-align: top; text-align : left; background-color: white; border: 0px #F0F0F0 solid; padding:0px 4px 0px 4px\" class=\"hierarchy\"><span style=\"opacity: 0.4\">0</span><span style=\"opacity: 0.5\">..</span><span style=\"opacity: 0.4\">*</span></td><td style=\"vertical-align: top; text-align : left; background-color: white; border: 0px #F0F0F0 solid; padding:0px 4px 0px 4px\" class=\"hierarchy\"><a href=\"http://hl7.org/fhir/STU3/references.html\">Reference</a>(<a href=\"Any.html\">Any</a>)</td><td style=\"vertical-align: top; text-align : left; background-color: white; border: 0px #F0F0F0 solid; padding:0px 4px 0px 4px\" class=\"hierarchy\"><span style=\"opacity: 0.4\">Supporting information found elsewhere</span><br/></td></tr>\n    <tr style=\"border: 0px #F0F0F0 solid; padding:0px; vertical-align: top; background-color: white;\"><td style=\"vertical-align: top; text-align : left; background-color: white; border: 0px #F0F0F0 solid; padding:0px 4px 0px 4px; white-space: nowrap; background-image: url(tbl_bck10.png)\" class=\"hierarchy\"><img src=\"tbl_spacer.png\" alt=\".\" style=\"background-color: inherit\" class=\"hierarchy\"/><img src=\"tbl_vjoin.png\" alt=\".\" style=\"background-color: inherit\" class=\"hierarchy\"/><img src=\"icon_extension_simple.png\" alt=\".\" style=\"background-color: white; background-color: inherit\" title=\"Simple Extension\" class=\"hierarchy\"/> <a href=\"qicore-condition-definitions.html#Condition.extension:criticality\" title=\"Extension URL = http://hl7.org/fhir/StructureDefinition/condition-criticality\">condition-criticality</a><a name=\"Condition.extension\"> </a></td><td style=\"vertical-align: top; text-align : left; background-color: white; border: 0px #F0F0F0 solid; padding:0px 4px 0px 4px\" class=\"hierarchy\"/><td style=\"vertical-align: top; text-align : left; background-color: white; border: 0px #F0F0F0 solid; padding:0px 4px 0px 4px\" class=\"hierarchy\"><span style=\"opacity: 0.4\">0</span>..<span style=\"opacity: 0.4\">1</span></td><td style=\"vertical-align: top; text-align : left; background-color: white; border: 0px #F0F0F0 solid; padding:0px 4px 0px 4px\" class=\"hierarchy\"><a href=\"http://hl7.org/fhir/STU3/datatypes.html#CodeableConcept\">CodeableConcept</a></td><td style=\"vertical-align: top; text-align : left; background-color: white; border: 0px #F0F0F0 solid; padding:0px 4px 0px 4px\" class=\"hierarchy\">Potential impact of the condition<br/><span style=\"font-weight:bold\">URL: </span><a href=\"http://hl7.org/fhir/STU3/extension-condition-criticality.html\">http://hl7.org/fhir/StructureDefinition/condition-criticality</a><br/><span style=\"font-weight:bold\">Binding: </span><a href=\"valueset-qicore-condition-criticality.html\">QICore Condition Criticality Codes</a> (<a href=\"http://hl7.org/fhir/STU3/terminologies.html#example\" title=\"Instances are not expected or even encouraged to draw from the specified value set.  The value set merely provides examples of the types of concepts intended to be included.\">example</a>)</td></tr>\n    <tr style=\"border: 0px #F0F0F0 solid; padding:0px; vertical-align: top; background-color: white;\"><td style=\"vertical-align: top; text-align : left; background-color: white; border: 0px #F0F0F0 solid; padding:0px 4px 0px 4px; white-space: nowrap; background-image: url(tbl_bck10.png)\" class=\"hierarchy\"><img src=\"tbl_spacer.png\" alt=\".\" style=\"background-color: inherit\" class=\"hierarchy\"/><img src=\"tbl_vjoin.png\" alt=\".\" style=\"background-color: inherit\" class=\"hierarchy\"/><img src=\"icon_extension_simple.png\" alt=\".\" style=\"background-color: white; background-color: inherit\" title=\"Simple Extension\" class=\"hierarchy\"/> <a href=\"qicore-condition-definitions.html#Condition.extension:dueto\" title=\"Extension URL = http://hl7.org/fhir/StructureDefinition/condition-dueTo\">condition-dueTo</a><a name=\"Condition.extension\"> </a></td><td style=\"vertical-align: top; text-align : left; background-color: white; border: 0px #F0F0F0 solid; padding:0px 4px 0px 4px\" class=\"hierarchy\"/><td style=\"vertical-align: top; text-align : left; background-color: white; border: 0px #F0F0F0 solid; padding:0px 4px 0px 4px\" class=\"hierarchy\"><span style=\"opacity: 0.4\">0</span><span style=\"opacity: 0.5\">..</span><span style=\"opacity: 0.4\">*</span></td><td style=\"vertical-align: top; text-align : left; background-color: white; border: 0px #F0F0F0 solid; padding:0px 4px 0px 4px\" class=\"hierarchy\"><a href=\"http://hl7.org/fhir/STU3/datatypes.html#CodeableConcept\">CodeableConcept</a>, <a href=\"http://hl7.org/fhir/STU3/references.html\">Reference</a>(<a href=\"http://hl7.org/fhir/STU3/condition.html\">Condition</a>), <a href=\"http://hl7.org/fhir/STU3/references.html\">Reference</a>(<a href=\"http://hl7.org/fhir/STU3/procedure.html\">Procedure</a>), <a href=\"http://hl7.org/fhir/STU3/references.html\">Reference</a>(<a href=\"http://hl7.org/fhir/STU3/medicationadministration.html\">MedicationAdministration</a>), <a href=\"http://hl7.org/fhir/STU3/references.html\">Reference</a>(<a href=\"http://hl7.org/fhir/STU3/immunization.html\">Immunization</a>), <a href=\"http://hl7.org/fhir/STU3/references.html\">Reference</a>(<a href=\"http://hl7.org/fhir/STU3/medicationstatement.html\">MedicationStatement</a>)</td><td style=\"vertical-align: top; text-align : left; background-color: white; border: 0px #F0F0F0 solid; padding:0px 4px 0px 4px\" class=\"hierarchy\">What caused the Condition?<br/><span style=\"font-weight:bold\">URL: </span><a href=\"http://hl7.org/fhir/STU3/extension-condition-dueto.html\">http://hl7.org/fhir/StructureDefinition/condition-dueTo</a><br/><span style=\"font-weight:bold\">Binding: </span><a href=\"http://hl7.org/fhir/STU3/valueset-condition-cause.html\">Condition Cause Codes</a> (<a href=\"http://hl7.org/fhir/STU3/terminologies.html#example\" title=\"Instances are not expected or even encouraged to draw from the specified value set.  The value set merely provides examples of the types of concepts intended to be included.\">example</a>)</td></tr>\n    <tr style=\"border: 0px #F0F0F0 solid; padding:0px; vertical-align: top; background-color: white;\"><td style=\"vertical-align: top; text-align : left; background-color: white; border: 0px #F0F0F0 solid; padding:0px 4px 0px 4px; white-space: nowrap; background-image: url(tbl_bck00.png)\" class=\"hierarchy\"><img src=\"tbl_spacer.png\" alt=\".\" style=\"background-color: inherit\" class=\"hierarchy\"/><img src=\"tbl_vjoin_end.png\" alt=\".\" style=\"background-color: inherit\" class=\"hierarchy\"/><img src=\"icon_extension_simple.png\" alt=\".\" style=\"background-color: white; background-color: inherit\" title=\"Simple Extension\" class=\"hierarchy\"/> <a href=\"qicore-condition-definitions.html#Condition.extension:occurredfollowing\" title=\"Extension URL = http://hl7.org/fhir/StructureDefinition/condition-occurredFollowing\">condition-occurredFollowing</a><a name=\"Condition.extension\"> </a></td><td style=\"vertical-align: top; text-align : left; background-color: white; border: 0px #F0F0F0 solid; padding:0px 4px 0px 4px\" class=\"hierarchy\"/><td style=\"vertical-align: top; text-align : left; background-color: white; border: 0px #F0F0F0 solid; padding:0px 4px 0px 4px\" class=\"hierarchy\"><span style=\"opacity: 0.4\">0</span><span style=\"opacity: 0.5\">..</span><span style=\"opacity: 0.4\">*</span></td><td style=\"vertical-align: top; text-align : left; background-color: white; border: 0px #F0F0F0 solid; padding:0px 4px 0px 4px\" class=\"hierarchy\"><a href=\"http://hl7.org/fhir/STU3/datatypes.html#CodeableConcept\">CodeableConcept</a>, <a href=\"http://hl7.org/fhir/STU3/references.html\">Reference</a>(<a href=\"http://hl7.org/fhir/STU3/condition.html\">Condition</a>), <a href=\"http://hl7.org/fhir/STU3/references.html\">Reference</a>(<a href=\"http://hl7.org/fhir/STU3/procedure.html\">Procedure</a>), <a href=\"http://hl7.org/fhir/STU3/references.html\">Reference</a>(<a href=\"http://hl7.org/fhir/STU3/medicationadministration.html\">MedicationAdministration</a>), <a href=\"http://hl7.org/fhir/STU3/references.html\">Reference</a>(<a href=\"http://hl7.org/fhir/STU3/immunization.html\">Immunization</a>), <a href=\"http://hl7.org/fhir/STU3/references.html\">Reference</a>(<a href=\"http://hl7.org/fhir/STU3/medicationstatement.html\">MedicationStatement</a>)</td><td style=\"vertical-align: top; text-align : left; background-color: white; border: 0px #F0F0F0 solid; padding:0px 4px 0px 4px\" class=\"hierarchy\">Precedent for this Condition<br/><span style=\"font-weight:bold\">URL: </span><a href=\"http://hl7.org/fhir/STU3/extension-condition-occurredfollowing.html\">http://hl7.org/fhir/StructureDefinition/condition-occurredFollowing</a><br/><span style=\"font-weight:bold\">Binding: </span><a href=\"http://hl7.org/fhir/STU3/valueset-condition-predecessor.html\">Condition Predecessor Codes</a> (<a href=\"http://hl7.org/fhir/STU3/terminologies.html#example\" title=\"Instances are not expected or even encouraged to draw from the specified value set.  The value set merely provides examples of the types of concepts intended to be included.\">example</a>)</td></tr>\n    <tr><td colspan=\"5\" class=\"hierarchy\"><br/><a href=\"http://hl7.org/fhir/STU3/formats.html#table\" title=\"Legend for this format\"><img src=\"http://hl7.org/fhir/STU3/help16.png\" alt=\"doco\" style=\"background-color: inherit\"/> Documentation for this format</a></td></tr></table></div>"},"url":"http://hl7.org/fhir/us/qicore/StructureDefinition/qicore-condition","version":"0.1","name":"QICore-Condition","status":"draft","date":"2015-02-27T00:00:00-07:00","publisher":"Health Level Seven International (Clinical Quality Information - QICore)","contact":[{"telecom":[{"system":"url","value":"http://hl7.org/special/committees/CQI"}]}],"fhirVersion":"3.0.1","mapping":[{"identity":"qdm","uri":"http://www.healthit.gov/quality-data-model","name":"Quality Data Model"},{"identity":"qidam","uri":"http://www.hl7.org/implement/standards/product_brief.cfm?product_id=378","name":"Quality Improvement Domain Analysis Model"},{"identity":"sct-concept","uri":"http://snomed.info/conceptdomain","name":"SNOMED CT Concept Domain Binding"},{"identity":"v2","uri":"http://hl7.org/v2","name":"HL7 v2 Mapping"},{"identity":"rim","uri":"http://hl7.org/v3","name":"RIM Mapping"},{"identity":"w5","uri":"http://hl7.org/fhir/w5","name":"W5 Mapping"},{"identity":"sct-attr","uri":"http://snomed.info/sct","name":"SNOMED CT Attribute Binding"}],"kind":"resource","abstract":false,"type":"Condition","baseDefinition":"http://hl7.org/fhir/us/core/StructureDefinition/us-core-condition","derivation":"constraint","snapshot":{"element":[{"id":"Condition","path":"Condition","short":"Detailed information about conditions, problems or diagnoses","definition":"A clinical condition, problem, diagnosis, or other event, situation, issue, or clinical concept that has risen to a level of concern.","min":0,"max":"*","base":{"path":"Condition","min":0,"max":"*"},"constraint":[{"key":"dom-2","severity":"error","human":"If the resource is contained in another resource, it SHALL NOT contain nested Resources","expression":"contained.contained.empty()","xpath":"not(parent::f:contained and f:contained)","source":"DomainResource"},{"key":"dom-1","severity":"error","human":"If the resource is contained in another resource, it SHALL NOT contain any narrative","expression":"contained.text.empty()","xpath":"not(parent::f:contained and f:text)","source":"DomainResource"},{"key":"dom-4","severity":"error","human":"If a resource is contained in another resource, it SHALL NOT have a meta.versionId or a meta.lastUpdated","expression":"contained.meta.versionId.empty() and contained.meta.lastUpdated.empty()","xpath":"not(exists(f:contained/*/f:meta/f:versionId)) and not(exists(f:contained/*/f:meta/f:lastUpdated))","source":"DomainResource"},{"key":"dom-3","severity":"error","human":"If the resource is contained in another resource, it SHALL be referred to from elsewhere in the resource","expression":"contained.where(('#'+id in %resource.descendants().reference).not()).empty()","xpath":"not(exists(for $id in f:contained/*/@id return $id[not(ancestor::f:contained/parent::*/descendant::f:reference/@value=concat('#', $id))]))","source":"DomainResource"},{"key":"con-4","severity":"error","human":"If condition is abated, then clinicalStatus must be either inactive, resolved, or remission","expression":"abatement.empty() or (abatement as boolean).not()  or clinicalStatus='resolved' or clinicalStatus='remission' or clinicalStatus='inactive'","xpath":"not(f:abatementBoolean/@value=true() or (not(exists(f:abatementBoolean)) and exists(*[starts-with(local-name(.), 'abatement')])) or f:clinicalStatus/@value=('resolved', 'remission', 'inactive'))","source":"Condition"},{"key":"con-3","severity":"error","human":"Condition.clinicalStatus SHALL be present if verificationStatus is not entered-in-error","expression":"verificationStatus='entered-in-error' or clinicalStatus.exists()","xpath":"f:verificationStatus/@value='entered-in-error' or exists(f:clinicalStatus)","source":"Condition"}],"mustSupport":false,"mapping":[{"identity":"rim","map":"Entity. Role, or Act"},{"identity":"sct-concept","map":"< 243796009 |Situation with explicit context|:\n246090004 |Associated finding| =\n((< 404684003 |Clinical finding| MINUS\n<< 420134006 |Propensity to adverse reactions| MINUS \n<< 473010000 |Hypersensitivity condition| MINUS \n<< 79899007 |Drug interaction| MINUS\n<< 69449002 |Drug action| MINUS \n<< 441742003 |Evaluation finding| MINUS \n<< 307824009 |Administrative status| MINUS \n<< 385356007 |Tumor stage finding|) OR\n< 272379006 |Event|)"},{"identity":"v2","map":"PPR message"},{"identity":"rim","map":"Observation[classCode=OBS, moodCode=EVN, code=ASSERTION, value<Diagnosis]"},{"identity":"w5","map":"clinical.general"},{"identity":"qdm","map":"Diagnosis, Active, Inactive or Resolved"}]},{"id":"Condition.id","path":"Condition.id","short":"Logical id of this artifact","definition":"The logical id of the resource, as used in the URL for the resource. Once assigned, this value never changes.","comment":"The only time that a resource does not have an id is when it is being submitted to the server using a create operation.","min":0,"max":"1","base":{"path":"Resource.id","min":0,"max":"1"},"type":[{"code":"id"}],"isSummary":true},{"id":"Condition.meta","path":"Condition.meta","short":"Metadata about the resource","definition":"The metadata about the resource. This is content that is maintained by the infrastructure. Changes to the content may not always be associated with version changes to the resource.","min":0,"max":"1","base":{"path":"Resource.meta","min":0,"max":"1"},"type":[{"code":"Meta"}],"isSummary":true},{"id":"Condition.implicitRules","path":"Condition.implicitRules","short":"A set of rules under which this content was created","definition":"A reference to a set of rules that were followed when the resource was constructed, and which must be understood when processing the content.","comment":"Asserting this rule set restricts the content to be only understood by a limited set of trading partners. This inherently limits the usefulness of the data in the long term. However, the existing health eco-system is highly fractured, and not yet ready to define, collect, and exchange data in a generally computable sense. Wherever possible, implementers and/or specification writers should avoid using this element. \n\nThis element is labelled as a modifier because the implicit rules may provide additional knowledge about the resource that modifies it's meaning or interpretation.","min":0,"max":"1","base":{"path":"Resource.implicitRules","min":0,"max":"1"},"type":[{"code":"uri"}],"isModifier":true,"isSummary":true},{"id":"Condition.language","path":"Condition.language","short":"Language of the resource content","definition":"The base language in which the resource is written.","comment":"Language is provided to support indexing and accessibility (typically, services such as text to speech use the language tag). The html language tag in the narrative applies  to the narrative. The language tag on the resource may be used to specify the language of other presentations generated from the data in the resource  Not all the content has to be in the base language. The Resource.language should not be assumed to apply to the narrative automatically. If a language is specified, it should it also be specified on the div element in the html (see rules in HTML5 for information about the relationship between xml:lang and the html lang attribute).","min":0,"max":"1","base":{"path":"Resource.language","min":0,"max":"1"},"type":[{"code":"code"}],"binding":{"extension":[{"url":"http://hl7.org/fhir/StructureDefinition/elementdefinition-maxValueSet","valueReference":{"reference":"http://hl7.org/fhir/ValueSet/all-languages"}},{"url":"http://hl7.org/fhir/StructureDefinition/elementdefinition-bindingName","valueString":"Language"},{"url":"http://hl7.org/fhir/StructureDefinition/elementdefinition-isCommonBinding","valueBoolean":true}],"strength":"extensible","description":"A human language.","valueSetReference":{"reference":"http://hl7.org/fhir/ValueSet/languages"}}},{"id":"Condition.text","path":"Condition.text","short":"Text summary of the resource, for human interpretation","definition":"A human-readable narrative that contains a summary of the resource, and may be used to represent the content of the resource to a human. The narrative need not encode all the structured data, but is required to contain sufficient detail to make it \"clinically safe\" for a human to just read the narrative. Resource definitions may define what content should be represented in the narrative to ensure clinical safety.","comment":"Contained resources do not have narrative. Resources that are not contained SHOULD have a narrative. In some cases, a resource may only have text with little or no additional discrete data (as long as all minOccurs=1 elements are satisfied).  This may be necessary for data from legacy systems where information is captured as a \"text blob\" or where text is additionally entered raw or narrated and encoded in formation is added later.","alias":["narrative","html","xhtml","display"],"min":0,"max":"1","base":{"path":"DomainResource.text","min":0,"max":"1"},"type":[{"code":"Narrative"}],"condition":["dom-1"],"mapping":[{"identity":"rim","map":"Act.text?"}]},{"id":"Condition.contained","path":"Condition.contained","short":"Contained, inline Resources","definition":"These resources do not have an independent existence apart from the resource that contains them - they cannot be identified independently, and nor can they have their own independent transaction scope.","comment":"This should never be done when the content can be identified properly, as once identification is lost, it is extremely difficult (and context dependent) to restore it again.","alias":["inline resources","anonymous resources","contained resources"],"min":0,"max":"*","base":{"path":"DomainResource.contained","min":0,"max":"*"},"type":[{"code":"Resource"}],"mapping":[{"identity":"rim","map":"N/A"}]},{"id":"Condition.extension","path":"Condition.extension","slicing":{"id":"4","discriminator":[{"type":"value","path":"url"}],"ordered":false,"rules":"open"},"short":"Extension","definition":"An Extension","min":0,"max":"*","base":{"path":"DomainResource.extension","min":0,"max":"*"},"type":[{"code":"Extension"}]},{"id":"Condition.extension:criticality","path":"Condition.extension","sliceName":"criticality","short":"Extension","definition":"Characterizes potential impact of the condition on life, durable physiological function, or quality of life.","min":0,"max":"1","base":{"path":"DomainResource.extension","min":0,"max":"*"},"type":[{"code":"Extension","profile":"http://hl7.org/fhir/StructureDefinition/condition-criticality"}],"condition":["ele-1"],"constraint":[{"key":"ele-1","severity":"error","human":"All FHIR elements must have a @value or children","expression":"hasValue() | (children().count() > id.count())","xpath":"@value|f:*|h:div","source":"Element"},{"key":"ext-1","severity":"error","human":"Must have either extensions or value[x], not both","expression":"extension.exists() != value.exists()","xpath":"exists(f:extension)!=exists(f:*[starts-with(local-name(.), 'value')])","source":"Extension"}],"mustSupport":false,"isModifier":false,"mapping":[{"identity":"qidam","map":"ManifestedSymptom.criticality"}]},{"id":"Condition.extension:dueto","path":"Condition.extension","sliceName":"dueTo","short":"What caused the Condition?","definition":"Further conditions, problems, diagnoses, procedures or events or the substance that caused/triggered this Condition.","min":0,"max":"*","base":{"path":"DomainResource.extension","min":0,"max":"*"},"type":[{"code":"Extension","profile":"http://hl7.org/fhir/StructureDefinition/condition-dueTo"}],"condition":["ele-1"],"constraint":[{"key":"ele-1","severity":"error","human":"All FHIR elements must have a @value or children","expression":"hasValue() | (children().count() > id.count())","xpath":"@value|f:*|h:div","source":"Element"},{"key":"ext-1","severity":"error","human":"Must have either extensions or value[x], not both","expression":"extension.exists() != value.exists()","xpath":"exists(f:extension)!=exists(f:*[starts-with(local-name(.), 'value')])","source":"Extension"}],"mustSupport":false,"isModifier":false},{"id":"Condition.extension:occurredfollowing","path":"Condition.extension","sliceName":"occurredFollowing","short":"Extension","definition":"An Extension","min":0,"max":"*","base":{"path":"DomainResource.extension","min":0,"max":"*"},"type":[{"code":"Extension","profile":"http://hl7.org/fhir/StructureDefinition/condition-occurredFollowing"}],"condition":["ele-1"],"constraint":[{"key":"ele-1","severity":"error","human":"All FHIR elements must have a @value or children","expression":"hasValue() | (children().count() > id.count())","xpath":"@value|f:*|h:div","source":"Element"},{"key":"ext-1","severity":"error","human":"Must have either extensions or value[x], not both","expression":"extension.exists() != value.exists()","xpath":"exists(f:extension)!=exists(f:*[starts-with(local-name(.), 'value')])","source":"Extension"}],"mustSupport":false,"isModifier":false},{"id":"Condition.modifierExtension","path":"Condition.modifierExtension","short":"Extensions that cannot be ignored","definition":"May be used to represent additional information that is not part of the basic definition of the resource, and that modifies the understanding of the element that contains it. Usually modifier elements provide negation or qualification. In order to make the use of extensions safe and manageable, there is a strict set of governance applied to the definition and use of extensions. Though any implementer is allowed to define an extension, there is a set of requirements that SHALL be met as part of the definition of the extension. Applications processing a resource are required to check for modifier extensions.","comment":"There can be no stigma associated with the use of extensions by any application, project, or standard - regardless of the institution or jurisdiction that uses or defines the extensions.  The use of extensions is what allows the FHIR specification to retain a core level of simplicity for everyone.","alias":["extensions","user content"],"min":0,"max":"*","base":{"path":"DomainResource.modifierExtension","min":0,"max":"*"},"type":[{"code":"Extension"}],"isModifier":true,"mapping":[{"identity":"rim","map":"N/A"}]},{"id":"Condition.identifier","path":"Condition.identifier","short":"External Ids for this condition","definition":"This records identifiers associated with this condition that are defined by business processes and/or used to refer to it when a direct URL reference to the resource itself is not appropriate (e.g. in CDA documents, or in written / printed documentation).","requirements":"Need to allow connection to a wider workflow.","min":0,"max":"*","base":{"path":"Condition.identifier","min":0,"max":"*"},"type":[{"code":"Identifier"}],"isSummary":true,"mapping":[{"identity":"rim","map":".id"},{"identity":"w5","map":"id"}]},{"id":"Condition.clinicalStatus","path":"Condition.clinicalStatus","short":"active | recurrence | inactive | remission | resolved","definition":"The clinical status of the condition.","comment":"This element is labeled as a modifier because the status contains codes that mark the condition as not currently valid or of concern.","min":0,"max":"1","base":{"path":"Condition.clinicalStatus","min":0,"max":"1"},"type":[{"code":"code"}],"condition":["con-3","con-4"],"mustSupport":true,"isModifier":true,"isSummary":true,"binding":{"strength":"required","description":"Preferred value set for Condition Clinical Status.","valueSetReference":{"reference":"http://hl7.org/fhir/ValueSet/condition-clinical"}},"mapping":[{"identity":"sct-concept","map":"< 303105007 |Disease phases|"},{"identity":"v2","map":"PRB-14 / DG1-6"},{"identity":"rim","map":"Observation ACT\n.inboundRelationship[typeCode=COMP].source[classCode=OBS, code=\"clinicalStatus\", moodCode=EVN].value"},{"identity":"w5","map":"status"}]},{"id":"Condition.verificationStatus","path":"Condition.verificationStatus","short":"provisional | differential | confirmed | refuted | entered-in-error | unknown","definition":"The verification status to support the clinical status of the condition.","comment":"verificationStatus is not required.  For example, when a patient has abdominal pain in the ED, there is not likely going to be a verification status.\n\nThis element is labeled as a modifier because the status contains the code refuted and entered-in-error that mark the Condition as not currently valid.","min":0,"max":"1","base":{"path":"Condition.verificationStatus","min":0,"max":"1"},"type":[{"code":"code"}],"defaultValueCode":"unknown","condition":["con-3"],"mustSupport":true,"isModifier":true,"isSummary":true,"binding":{"strength":"required","description":"The verification status to support or decline the clinical status of the condition or diagnosis.","valueSetReference":{"reference":"http://hl7.org/fhir/ValueSet/condition-ver-status"}},"mapping":[{"identity":"sct-concept","map":"< 410514004 |Finding context value|"},{"identity":"v2","map":"PRB-13"},{"identity":"rim","map":"Observation ACT\n.inboundRelationship[typeCode=COMP].source[classCode=OBS, code=\"verificationStatus\", moodCode=EVN].value"},{"identity":"sct-attr","map":"408729009"},{"identity":"w5","map":"status"}]},{"id":"Condition.category","path":"Condition.category","short":"problem-list-item | encounter-diagnosis | problem | health-concern","definition":"A category assigned to the condition.","comment":"The categorization is often highly contextual and may appear poorly differentiated or not very useful in other contexts.","min":0,"max":"*","base":{"path":"Condition.category","min":0,"max":"*"},"type":[{"code":"CodeableConcept"}],"mustSupport":true,"binding":{"strength":"preferred","description":"The US core Condition Category Codes support the separate concepts of problems and health concerns in Condition.category in order for API consumers to be able to separate health concerns and problems.","valueSetReference":{"reference":"http://hl7.org/fhir/us/core/ValueSet/us-core-condition-category"}},"mapping":[{"identity":"sct-concept","map":"< 404684003 |Clinical finding|"},{"identity":"v2","map":"'problem' if from PRB-3. 'diagnosis' if from DG1 segment in PV1 message"},{"identity":"rim","map":".code"},{"identity":"w5","map":"class"}]},{"id":"Condition.severity","path":"Condition.severity","short":"Subjective severity of condition","definition":"A subjective assessment of the severity of the condition as evaluated by the clinician.","comment":"Coding of the severity with a terminology is preferred, where possible.","min":0,"max":"1","base":{"path":"Condition.severity","min":0,"max":"1"},"type":[{"code":"CodeableConcept"}],"mustSupport":true,"binding":{"strength":"preferred","description":"Preferred value set for Condition/Diagnosis severity grading","valueSetReference":{"reference":"http://hl7.org/fhir/ValueSet/condition-severity"}},"mapping":[{"identity":"sct-concept","map":"< 272141005 |Severities|"},{"identity":"v2","map":"PRB-26 / ABS-3"},{"identity":"rim","map":"Can be pre/post-coordinated into value.  Or ./inboundRelationship[typeCode=SUBJ].source[classCode=OBS, moodCode=EVN, code=\"severity\"].value"},{"identity":"sct-attr","map":"246112005"},{"identity":"w5","map":"grade"},{"identity":"qdm","map":"severity"}]},{"id":"Condition.code","path":"Condition.code","short":"Identification of the condition, problem or diagnosis","definition":"This describes the problem.","requirements":"0..1 to account for primarily narrative only resources.","alias":["type"],"min":1,"max":"1","base":{"path":"Condition.code","min":0,"max":"1"},"type":[{"code":"CodeableConcept"}],"mustSupport":true,"isSummary":true,"binding":{"strength":"preferred","description":"The code for the condition","valueSetReference":{"reference":"http://hl7.org/fhir/us/core/ValueSet/us-core-problem"}},"mapping":[{"identity":"sct-concept","map":"code 246090004 |Associated finding| (< 404684003 |Clinical finding| MINUS\n<< 420134006 |Propensity to adverse reactions| MINUS \n<< 473010000 |Hypersensitivity condition| MINUS \n<< 79899007 |Drug interaction| MINUS\n<< 69449002 |Drug action| MINUS \n<< 441742003 |Evaluation finding| MINUS \n<< 307824009 |Administrative status| MINUS \n<< 385356007 |Tumor stage finding|) \nOR < 413350009 |Finding with explicit context|\nOR < 272379006 |Event|"},{"identity":"v2","map":"PRB-3"},{"identity":"rim","map":".value"},{"identity":"sct-attr","map":"246090004"},{"identity":"w5","map":"what"},{"identity":"qdm","map":"primary code"}]},{"id":"Condition.bodySite","path":"Condition.bodySite","short":"Anatomical location, if relevant","definition":"The anatomical location where this condition manifests itself.","comment":"Only used if not implicit in code found in Condition.code. If the use case requires attributes from the BodySite resource (e.g. to identify and track separately) then use the standard extension [body-site-instance](extension-body-site-instance.html).  May be a summary code, or a reference to a very precise definition of the location, or both.","min":0,"max":"*","base":{"path":"Condition.bodySite","min":0,"max":"*"},"type":[{"code":"CodeableConcept"}],"mustSupport":true,"isSummary":true,"binding":{"strength":"example","description":"This value set includes all codes from http://snomed.info/sct where concept is-a 442083009 (Anatomical or acquired body site (body structure)).","valueSetReference":{"reference":"http://hl7.org/fhir/ValueSet/body-site"}},"mapping":[{"identity":"sct-concept","map":"< 442083009  |Anatomical or acquired body structure|"},{"identity":"rim","map":".targetBodySiteCode"},{"identity":"sct-attr","map":"363698007"},{"identity":"qdm","map":"anatomical location site and laterality"}]},{"id":"Condition.subject","path":"Condition.subject","short":"Who has the condition?","definition":"Indicates the patient or group who the condition record is associated with.","requirements":"Group is typically used for veterinary or public health use cases.","alias":["patient"],"min":1,"max":"1","base":{"path":"Condition.subject","min":1,"max":"1"},"type":[{"code":"Reference","targetProfile":"http://hl7.org/fhir/us/qicore/StructureDefinition/qicore-patient"},{"code":"Reference","targetProfile":"http://hl7.org/fhir/StructureDefinition/Group"}],"mustSupport":true,"isSummary":true,"mapping":[{"identity":"v2","map":"PID-3"},{"identity":"rim","map":".participation[typeCode=SBJ].role[classCode=PAT]"},{"identity":"w5","map":"who.focus"}]},{"id":"Condition.context","path":"Condition.context","short":"Encounter or episode when condition first asserted","definition":"Encounter during which the condition was first asserted.","comment":"This record indicates the encounter this particular record is associated with.  In the case of a \"new\" diagnosis reflecting ongoing/revised information about the condition, this might be distinct from the first encounter in which the underlying condition was first \"known\".","alias":["encounter"],"min":0,"max":"1","base":{"path":"Condition.context","min":0,"max":"1"},"type":[{"code":"Reference","targetProfile":"http://hl7.org/fhir/us/qicore/StructureDefinition/qicore-encounter"},{"code":"Reference","targetProfile":"http://hl7.org/fhir/StructureDefinition/EpisodeOfCare"}],"mustSupport":true,"isSummary":true,"mapping":[{"identity":"v2","map":"PV1-19 (+PV1-54)"},{"identity":"rim","map":".inboundRelationship[typeCode=COMP].source[classCode=ENC, moodCode=EVN]"},{"identity":"w5","map":"context"}]},{"id":"Condition.onset[x]","path":"Condition.onset[x]","short":"Estimated or actual date, date-time, or age","definition":"Estimated or actual date or date-time the condition began, in the opinion of the clinician.","comment":"Age is generally used when the patient reports an age at which the Condition began to occur.","min":0,"max":"1","base":{"path":"Condition.onset[x]","min":0,"max":"1"},"type":[{"code":"dateTime"},{"code":"Age"},{"code":"Period"},{"code":"Range"},{"code":"string"}],"mustSupport":true,"isSummary":true,"mapping":[{"identity":"v2","map":"PRB-16"},{"identity":"rim","map":".effectiveTime.low or .inboundRelationship[typeCode=SUBJ].source[classCode=OBS, moodCode=EVN, code=\"age at onset\"].value"},{"identity":"w5","map":"when.init"},{"identity":"qdm","map":"start datetime"}]},{"id":"Condition.abatement[x]","path":"Condition.abatement[x]","short":"If/when in resolution/remission","definition":"The date or estimated date that the condition resolved or went into remission.","comment":"There is no explicit distinction between resolution and remission because in many cases the distinction is not clear. Age is generally used when the patient reports an age at which the Condition abated.  If there is no abatement element, it is unknown whether the condition has resolved or entered remission; applications and users should generally assume that the condition is still valid.  When abatementString exists, it implies the condition is abated.","min":0,"max":"1","base":{"path":"Condition.abatement[x]","min":0,"max":"1"},"type":[{"code":"dateTime"},{"code":"Age"},{"code":"boolean"},{"code":"Period"},{"code":"Range"},{"code":"string"}],"condition":["con-4"],"mustSupport":true,"mapping":[{"identity":"rim","map":".effectiveTime.high or .inboundRelationship[typeCode=SUBJ].source[classCode=OBS, moodCode=EVN, code=\"age at remission\"].value or .inboundRelationship[typeCode=SUBJ]source[classCode=CONC, moodCode=EVN].status=completed"},{"identity":"w5","map":"when.done"},{"identity":"qdm","map":"stop datetime"}]},{"id":"Condition.assertedDate","path":"Condition.assertedDate","short":"Date record was believed accurate","definition":"The date on which the existance of the Condition was first asserted or acknowledged.","comment":"The assertedDate represents the date when this particular Condition record was created in the EHR, not the date of the most recent update in terms of when severity, abatement, etc. were specified.  The date of the last record modification can be retrieved from the resource metadata.","min":0,"max":"1","base":{"path":"Condition.assertedDate","min":0,"max":"1"},"type":[{"code":"dateTime"}],"mustSupport":true,"isSummary":true,"mapping":[{"identity":"v2","map":"REL-11"},{"identity":"rim","map":".participation[typeCode=AUT].time"},{"identity":"w5","map":"when.recorded"}]},{"id":"Condition.asserter","path":"Condition.asserter","short":"Person who asserts this condition","definition":"Individual who is making the condition statement.","min":0,"max":"1","base":{"path":"Condition.asserter","min":0,"max":"1"},"type":[{"code":"Reference","targetProfile":"http://hl7.org/fhir/us/qicore/StructureDefinition/qicore-patient"},{"code":"Reference","targetProfile":"http://hl7.org/fhir/us/qicore/StructureDefinition/qicore-practitioner"},{"code":"Reference","targetProfile":"http://hl7.org/fhir/us/qicore/StructureDefinition/qicore-relatedperson"}],"mustSupport":false,"isSummary":true,"mapping":[{"identity":"v2","map":"REL-7.1 identifier + REL-7.12 type code"},{"identity":"rim","map":".participation[typeCode=AUT].role"},{"identity":"w5","map":"who.author"}]},{"id":"Condition.stage","path":"Condition.stage","short":"Stage/grade, usually assessed formally","definition":"Clinical stage or grade of a condition. May include formal severity assessments.","min":0,"max":"1","base":{"path":"Condition.stage","min":0,"max":"1"},"type":[{"code":"BackboneElement"}],"constraint":[{"key":"ele-1","severity":"error","human":"All FHIR elements must have a @value or children","expression":"hasValue() | (children().count() > id.count())","xpath":"@value|f:*|h:div","source":"Element"},{"key":"con-1","severity":"error","human":"Stage SHALL have summary or assessment","expression":"summary.exists() or assessment.exists()","xpath":"exists(f:summary) or exists(f:assessment)","source":"Condition.stage"}],"mustSupport":true,"mapping":[{"identity":"rim","map":"./inboundRelationship[typeCode=SUBJ].source[classCode=OBS, moodCode=EVN, code=\"stage/grade\"]"}]},{"id":"Condition.stage.id","path":"Condition.stage.id","representation":["xmlAttr"],"short":"xml:id (or equivalent in JSON)","definition":"unique id for the element within a resource (for internal references). This may be any string value that does not contain spaces.","min":0,"max":"1","base":{"path":"Element.id","min":0,"max":"1"},"type":[{"code":"string"}],"mapping":[{"identity":"rim","map":"n/a"}]},{"id":"Condition.stage.extension","path":"Condition.stage.extension","short":"Additional Content defined by implementations","definition":"May be used to represent additional information that is not part of the basic definition of the element. In order to make the use of extensions safe and manageable, there is a strict set of governance  applied to the definition and use of extensions. Though any implementer is allowed to define an extension, there is a set of requirements that SHALL be met as part of the definition of the extension.","comment":"There can be no stigma associated with the use of extensions by any application, project, or standard - regardless of the institution or jurisdiction that uses or defines the extensions.  The use of extensions is what allows the FHIR specification to retain a core level of simplicity for everyone.","alias":["extensions","user content"],"min":0,"max":"*","base":{"path":"Element.extension","min":0,"max":"*"},"type":[{"code":"Extension"}],"mapping":[{"identity":"rim","map":"n/a"}]},{"id":"Condition.stage.modifierExtension","path":"Condition.stage.modifierExtension","short":"Extensions that cannot be ignored","definition":"May be used to represent additional information that is not part of the basic definition of the element, and that modifies the understanding of the element that contains it. Usually modifier elements provide negation or qualification. In order to make the use of extensions safe and manageable, there is a strict set of governance applied to the definition and use of extensions. Though any implementer is allowed to define an extension, there is a set of requirements that SHALL be met as part of the definition of the extension. Applications processing a resource are required to check for modifier extensions.","comment":"There can be no stigma associated with the use of extensions by any application, project, or standard - regardless of the institution or jurisdiction that uses or defines the extensions.  The use of extensions is what allows the FHIR specification to retain a core level of simplicity for everyone.","alias":["extensions","user content","modifiers"],"min":0,"max":"*","base":{"path":"BackboneElement.modifierExtension","min":0,"max":"*"},"type":[{"code":"Extension"}],"isModifier":true,"isSummary":true,"mapping":[{"identity":"rim","map":"N/A"}]},{"id":"Condition.stage.summary","path":"Condition.stage.summary","short":"Simple summary (disease specific)","definition":"A simple summary of the stage such as \"Stage 3\". The determination of the stage is disease-specific.","min":0,"max":"1","base":{"path":"Condition.stage.summary","min":0,"max":"1"},"type":[{"code":"CodeableConcept"}],"condition":["con-1"],"mustSupport":true,"binding":{"strength":"example","description":"Example value set for stages of cancer and other conditions","valueSetReference":{"reference":"http://hl7.org/fhir/ValueSet/condition-stage"}},"mapping":[{"identity":"sct-concept","map":"< 254291000 |Staging and scales|"},{"identity":"v2","map":"PRB-14"},{"identity":"rim","map":".value"}]},{"id":"Condition.stage.assessment","path":"Condition.stage.assessment","short":"Formal record of assessment","definition":"Reference to a formal record of the evidence on which the staging assessment is based.","min":0,"max":"*","base":{"path":"Condition.stage.assessment","min":0,"max":"*"},"type":[{"code":"Reference","targetProfile":"http://hl7.org/fhir/StructureDefinition/ClinicalImpression"},{"code":"Reference","targetProfile":"http://hl7.org/fhir/StructureDefinition/DiagnosticReport"},{"code":"Reference","targetProfile":"http://hl7.org/fhir/StructureDefinition/Observation"}],"condition":["con-1"],"mustSupport":false,"mapping":[{"identity":"rim","map":".self"}]},{"id":"Condition.evidence","path":"Condition.evidence","short":"Supporting evidence","definition":"Supporting Evidence / manifestations that are the basis on which this condition is suspected or confirmed.","comment":"The evidence may be a simple list of coded symptoms/manifestations, or references to observations or formal assessments, or both.","min":0,"max":"*","base":{"path":"Condition.evidence","min":0,"max":"*"},"type":[{"code":"BackboneElement"}],"constraint":[{"key":"ele-1","severity":"error","human":"All FHIR elements must have a @value or children","expression":"hasValue() | (children().count() > id.count())","xpath":"@value|f:*|h:div","source":"Element"},{"key":"con-2","severity":"error","human":"evidence SHALL have code or details","expression":"code.exists() or detail.exists()","xpath":"exists(f:code) or exists(f:detail)","source":"Condition.evidence"}],"mustSupport":false,"mapping":[{"identity":"rim","map":".outboundRelationship[typeCode=SPRT].target[classCode=OBS, moodCode=EVN]"}]},{"id":"Condition.evidence.id","path":"Condition.evidence.id","representation":["xmlAttr"],"short":"xml:id (or equivalent in JSON)","definition":"unique id for the element within a resource (for internal references). This may be any string value that does not contain spaces.","min":0,"max":"1","base":{"path":"Element.id","min":0,"max":"1"},"type":[{"code":"string"}],"mapping":[{"identity":"rim","map":"n/a"}]},{"id":"Condition.evidence.extension","path":"Condition.evidence.extension","short":"Additional Content defined by implementations","definition":"May be used to represent additional information that is not part of the basic definition of the element. In order to make the use of extensions safe and manageable, there is a strict set of governance  applied to the definition and use of extensions. Though any implementer is allowed to define an extension, there is a set of requirements that SHALL be met as part of the definition of the extension.","comment":"There can be no stigma associated with the use of extensions by any application, project, or standard - regardless of the institution or jurisdiction that uses or defines the extensions.  The use of extensions is what allows the FHIR specification to retain a core level of simplicity for everyone.","alias":["extensions","user content"],"min":0,"max":"*","base":{"path":"Element.extension","min":0,"max":"*"},"type":[{"code":"Extension"}],"mapping":[{"identity":"rim","map":"n/a"}]},{"id":"Condition.evidence.modifierExtension","path":"Condition.evidence.modifierExtension","short":"Extensions that cannot be ignored","definition":"May be used to represent additional information that is not part of the basic definition of the element, and that modifies the understanding of the element that contains it. Usually modifier elements provide negation or qualification. In order to make the use of extensions safe and manageable, there is a strict set of governance applied to the definition and use of extensions. Though any implementer is allowed to define an extension, there is a set of requirements that SHALL be met as part of the definition of the extension. Applications processing a resource are required to check for modifier extensions.","comment":"There can be no stigma associated with the use of extensions by any application, project, or standard - regardless of the institution or jurisdiction that uses or defines the extensions.  The use of extensions is what allows the FHIR specification to retain a core level of simplicity for everyone.","alias":["extensions","user content","modifiers"],"min":0,"max":"*","base":{"path":"BackboneElement.modifierExtension","min":0,"max":"*"},"type":[{"code":"Extension"}],"isModifier":true,"isSummary":true,"mapping":[{"identity":"rim","map":"N/A"}]},{"id":"Condition.evidence.code","path":"Condition.evidence.code","short":"Manifestation/symptom","definition":"A manifestation or symptom that led to the recording of this condition.","min":0,"max":"*","base":{"path":"Condition.evidence.code","min":0,"max":"*"},"type":[{"code":"CodeableConcept"}],"condition":["con-2"],"mustSupport":false,"isSummary":true,"binding":{"strength":"example","description":"Example value set for Manifestation and Symptom codes.","valueSetReference":{"reference":"http://hl7.org/fhir/ValueSet/manifestation-or-symptom"}},"mapping":[{"identity":"sct-concept","map":"< 404684003 |Clinical finding|"},{"identity":"rim","map":"[code=\"diagnosis\"].value"},{"identity":"w5","map":"why"}]},{"id":"Condition.evidence.detail","path":"Condition.evidence.detail","short":"Supporting information found elsewhere","definition":"Links to other relevant information, including pathology reports.","min":0,"max":"*","base":{"path":"Condition.evidence.detail","min":0,"max":"*"},"type":[{"code":"Reference","targetProfile":"http://hl7.org/fhir/StructureDefinition/Any"}],"condition":["con-2"],"mustSupport":false,"isSummary":true,"mapping":[{"identity":"rim","map":".self"},{"identity":"w5","map":"why"}]},{"id":"Condition.note","path":"Condition.note","short":"Additional information about the Condition","definition":"Additional information about the Condition. This is a general notes/comments entry  for description of the Condition, its diagnosis and prognosis.","min":0,"max":"*","base":{"path":"Condition.note","min":0,"max":"*"},"type":[{"code":"Annotation"}],"mapping":[{"identity":"v2","map":"NTE child of PRB"},{"identity":"rim","map":".inboundRelationship[typeCode=SUBJ].source[classCode=OBS, moodCode=EVN, code=\"annotation\"].value"}]}]},"differential":{"element":[{"id":"Condition","path":"Condition","short":"Detailed information about conditions, problems or diagnoses","definition":"A clinical condition, problem, diagnosis, or other event, situation, issue, or clinical concept that has risen to a level of concern.","mustSupport":false,"isModifier":false,"mapping":[{"identity":"qdm","map":"Diagnosis, Active, Inactive or Resolved"}]},{"id":"Condition.extension:criticality","path":"Condition.extension","sliceName":"criticality","definition":"Characterizes potential impact of the condition on life, durable physiological function, or quality of life.","min":0,"max":"1","type":[{"code":"Extension","profile":"http://hl7.org/fhir/StructureDefinition/condition-criticality"}],"mustSupport":false,"isModifier":false,"binding":{"strength":"example","description":"Indicates the potential impact of the condition","valueSetReference":{"reference":"http://hl7.org/fhir/us/qicore/ValueSet/qicore-condition-criticality"}},"mapping":[{"identity":"qidam","map":"ManifestedSymptom.criticality"}]},{"id":"Condition.extension:dueto","path":"Condition.extension","sliceName":"dueTo","short":"What caused the Condition?","definition":"Further conditions, problems, diagnoses, procedures or events or the substance that caused/triggered this Condition.","type":[{"code":"Extension","profile":"http://hl7.org/fhir/StructureDefinition/condition-dueTo"}],"mustSupport":false,"isModifier":false},{"id":"Condition.extension:occurredfollowing","path":"Condition.extension","sliceName":"occurredFollowing","type":[{"code":"Extension","profile":"http://hl7.org/fhir/StructureDefinition/condition-occurredFollowing"}],"mustSupport":false,"isModifier":false},{"id":"Condition.clinicalStatus","path":"Condition.clinicalStatus","short":"active | recurrence | inactive | remission | resolved","definition":"The clinical status of the condition.","min":0,"max":"1","type":[{"code":"code"}],"mustSupport":true,"isModifier":false,"binding":{"strength":"required","description":"Preferred value set for Condition Clinical Status.","valueSetReference":{"reference":"http://hl7.org/fhir/ValueSet/condition-clinical"}}},{"id":"Condition.verificationStatus","path":"Condition.verificationStatus","short":"provisional | differential | confirmed | refuted | entered-in-error | unknown","definition":"The verification status to support the clinical status of the condition.","min":0,"max":"1","type":[{"code":"code"}],"mustSupport":true,"isModifier":false,"binding":{"strength":"required","description":"The verification status to support or decline the clinical status of the condition or diagnosis.","valueSetReference":{"reference":"http://hl7.org/fhir/ValueSet/condition-ver-status"}}},{"id":"Condition.category","path":"Condition.category","short":"problem-list-item | encounter-diagnosis | problem | health-concern","definition":"A category assigned to the condition.","min":0,"max":"*","type":[{"code":"CodeableConcept"}],"mustSupport":true,"isModifier":false,"binding":{"strength":"preferred","description":"The US core Condition Category Codes support the separate concepts of problems and health concerns in Condition.category in order for API consumers to be able to separate health concerns and problems.","valueSetReference":{"reference":"http://hl7.org/fhir/us/core/ValueSet/us-core-condition-category"}}},{"id":"Condition.severity","path":"Condition.severity","short":"Subjective severity of condition","definition":"A subjective assessment of the severity of the condition as evaluated by the clinician.","min":0,"max":"1","type":[{"code":"CodeableConcept"}],"mustSupport":true,"isModifier":false,"binding":{"strength":"preferred","description":"Preferred value set for Condition/Diagnosis severity grading","valueSetReference":{"reference":"http://hl7.org/fhir/ValueSet/condition-severity"}},"mapping":[{"identity":"qdm","map":"severity"}]},{"id":"Condition.code","path":"Condition.code","short":"Identification of the condition, problem or diagnosis","definition":"This describes the problem.","min":1,"max":"1","type":[{"code":"CodeableConcept"}],"mustSupport":true,"isModifier":false,"binding":{"strength":"preferred","description":"The code for the condition","valueSetReference":{"reference":"http://hl7.org/fhir/us/core/ValueSet/us-core-problem"}},"mapping":[{"identity":"qdm","map":"primary code"}]},{"id":"Condition.bodySite","path":"Condition.bodySite","short":"Anatomical location, if relevant","definition":"The anatomical location where this condition manifests itself.","min":0,"max":"*","type":[{"code":"CodeableConcept"}],"mustSupport":true,"isModifier":false,"binding":{"strength":"example","description":"This value set includes all codes from http://snomed.info/sct where concept is-a 442083009 (Anatomical or acquired body site (body structure)).","valueSetReference":{"reference":"http://hl7.org/fhir/ValueSet/body-site"}},"mapping":[{"identity":"qdm","map":"anatomical location site and laterality"}]},{"id":"Condition.subject","path":"Condition.subject","short":"Who has the condition?","definition":"Indicates the patient or group who the condition record is associated with.","min":1,"max":"1","type":[{"code":"Reference","targetProfile":"http://hl7.org/fhir/us/qicore/StructureDefinition/qicore-patient"},{"code":"Reference","targetProfile":"http://hl7.org/fhir/StructureDefinition/Group"}],"mustSupport":true,"isModifier":false},{"id":"Condition.context","path":"Condition.context","short":"Encounter or episode when condition first asserted","definition":"Encounter during which the condition was first asserted.","min":0,"max":"1","type":[{"code":"Reference","targetProfile":"http://hl7.org/fhir/us/qicore/StructureDefinition/qicore-encounter"},{"code":"Reference","targetProfile":"http://hl7.org/fhir/StructureDefinition/EpisodeOfCare"}],"mustSupport":true,"isModifier":false},{"id":"Condition.onset[x]","path":"Condition.onset[x]","short":"Estimated or actual date, date-time, or age","definition":"Estimated or actual date or date-time the condition began, in the opinion of the clinician.","min":0,"max":"1","mustSupport":true,"isModifier":false,"mapping":[{"identity":"qdm","map":"start datetime"}]},{"id":"Condition.abatement[x]","path":"Condition.abatement[x]","short":"If/when in resolution/remission","definition":"The date or estimated date that the condition resolved or went into remission.","min":0,"max":"1","mustSupport":true,"isModifier":false,"mapping":[{"identity":"qdm","map":"stop datetime"}]},{"id":"Condition.assertedDate","path":"Condition.assertedDate","short":"Date record was believed accurate","definition":"The date on which the existance of the Condition was first asserted or acknowledged.","min":0,"max":"1","mustSupport":true,"isModifier":false},{"id":"Condition.asserter","path":"Condition.asserter","short":"Person who asserts this condition","definition":"Individual who is making the condition statement.","min":0,"max":"1","type":[{"code":"Reference","targetProfile":"http://hl7.org/fhir/us/qicore/StructureDefinition/qicore-patient"},{"code":"Reference","targetProfile":"http://hl7.org/fhir/us/qicore/StructureDefinition/qicore-practitioner"},{"code":"Reference","targetProfile":"http://hl7.org/fhir/us/qicore/StructureDefinition/qicore-relatedperson"}],"mustSupport":false,"isModifier":false},{"id":"Condition.stage","path":"Condition.stage","short":"Stage/grade, usually assessed formally","definition":"Clinical stage or grade of a condition. May include formal severity assessments.","min":0,"max":"1","mustSupport":true,"isModifier":false},{"id":"Condition.stage.summary","path":"Condition.stage.summary","short":"Simple summary (disease specific)","definition":"A simple summary of the stage such as \"Stage 3\". The determination of the stage is disease-specific.","min":0,"max":"1","type":[{"code":"CodeableConcept"}],"mustSupport":true,"isModifier":false,"binding":{"strength":"example","description":"Example value set for stages of cancer and other conditions","valueSetReference":{"reference":"http://hl7.org/fhir/ValueSet/condition-stage"}}},{"id":"Condition.stage.assessment","path":"Condition.stage.assessment","short":"Formal record of assessment","definition":"Reference to a formal record of the evidence on which the staging assessment is based.","min":0,"max":"*","type":[{"code":"Reference","targetProfile":"http://hl7.org/fhir/StructureDefinition/ClinicalImpression"},{"code":"Reference","targetProfile":"http://hl7.org/fhir/StructureDefinition/DiagnosticReport"},{"code":"Reference","targetProfile":"http://hl7.org/fhir/StructureDefinition/Observation"}],"mustSupport":false,"isModifier":false},{"id":"Condition.evidence","path":"Condition.evidence","short":"Supporting evidence","definition":"Supporting Evidence / manifestations that are the basis on which this condition is suspected or confirmed.","min":0,"max":"*","type":[{"code":"BackboneElement"}],"mustSupport":false,"isModifier":false},{"id":"Condition.evidence.code","path":"Condition.evidence.code","short":"Manifestation/symptom","definition":"A manifestation or symptom that led to the recording of this condition.","min":0,"max":"*","type":[{"code":"CodeableConcept"}],"mustSupport":false,"isModifier":false,"binding":{"strength":"example","description":"Example value set for Manifestation and Symptom codes.","valueSetReference":{"reference":"http://hl7.org/fhir/ValueSet/manifestation-or-symptom"}}},{"id":"Condition.evidence.detail","path":"Condition.evidence.detail","short":"Supporting information found elsewhere","definition":"Links to other relevant information, including pathology reports.","min":0,"max":"*","type":[{"code":"Reference","targetProfile":"http://hl7.org/fhir/StructureDefinition/Any"}],"mustSupport":false,"isModifier":false}]}}