{"resourceType":"StructureDefinition","id":"qicore-medicationstatement","text":{"status":"generated","div":"<div xmlns=\"http://www.w3.org/1999/xhtml\"><table border=\"0\" cellpadding=\"0\" cellspacing=\"0\" style=\"border: 0px #F0F0F0 solid; font-size: 11px; font-family: verdana; vertical-align: top;\"><tr style=\"border: 1px #F0F0F0 solid; font-size: 11px; font-family: verdana; vertical-align: top;\"><th style=\"vertical-align: top; text-align : left; background-color: white; border: 0px #F0F0F0 solid; padding:0px 4px 0px 4px\" class=\"hierarchy\"><a href=\"http://hl7.org/fhir/STU3/formats.html#table\" title=\"The logical name of the element\">Name</a></th><th style=\"vertical-align: top; text-align : left; background-color: white; border: 0px #F0F0F0 solid; padding:0px 4px 0px 4px\" class=\"hierarchy\"><a href=\"http://hl7.org/fhir/STU3/formats.html#table\" title=\"Information about the use of the element\">Flags</a></th><th style=\"vertical-align: top; text-align : left; background-color: white; border: 0px #F0F0F0 solid; padding:0px 4px 0px 4px\" class=\"hierarchy\"><a href=\"http://hl7.org/fhir/STU3/formats.html#table\" title=\"Minimum and Maximum # of times the the element can appear in the instance\">Card.</a></th><th style=\"width: 100px\" class=\"hierarchy\"><a href=\"http://hl7.org/fhir/STU3/formats.html#table\" title=\"Reference to the type of the element\">Type</a></th><th style=\"vertical-align: top; text-align : left; background-color: white; border: 0px #F0F0F0 solid; padding:0px 4px 0px 4px\" class=\"hierarchy\"><a href=\"http://hl7.org/fhir/STU3/formats.html#table\" title=\"Additional information about the element\">Description &amp; Constraints</a><span style=\"float: right\"><a href=\"http://hl7.org/fhir/STU3/formats.html#table\" title=\"Legend for this format\"><img src=\"http://hl7.org/fhir/STU3/help16.png\" alt=\"doco\" style=\"background-color: inherit\"/></a></span></th></tr><tr style=\"border: 0px #F0F0F0 solid; padding:0px; vertical-align: top; background-color: white;\"><td style=\"vertical-align: top; text-align : left; background-color: white; border: 0px #F0F0F0 solid; padding:0px 4px 0px 4px; white-space: nowrap; background-image: url(tbl_bck1.png)\" class=\"hierarchy\"><img src=\"tbl_spacer.png\" alt=\".\" style=\"background-color: inherit\" class=\"hierarchy\"/><img src=\"icon_element.gif\" alt=\".\" style=\"background-color: white; background-color: inherit\" title=\"Element\" class=\"hierarchy\"/> <a href=\"qicore-medicationstatement-definitions.html#MedicationStatement\">MedicationStatement</a><a name=\"MedicationStatement\"> </a></td><td style=\"vertical-align: top; text-align : left; background-color: white; border: 0px #F0F0F0 solid; padding:0px 4px 0px 4px\" class=\"hierarchy\"/><td style=\"vertical-align: top; text-align : left; background-color: white; border: 0px #F0F0F0 solid; padding:0px 4px 0px 4px\" class=\"hierarchy\"><span style=\"opacity: 0.4\">0</span><span style=\"opacity: 0.5\">..</span><span style=\"opacity: 0.4\">*</span></td><td style=\"vertical-align: top; text-align : left; background-color: white; border: 0px #F0F0F0 solid; padding:0px 4px 0px 4px\" class=\"hierarchy\"/><td style=\"vertical-align: top; text-align : left; background-color: white; border: 0px #F0F0F0 solid; padding:0px 4px 0px 4px\" class=\"hierarchy\"/></tr>\r\n<tr style=\"border: 0px #F0F0F0 solid; padding:0px; vertical-align: top; background-color: white;\"><td style=\"vertical-align: top; text-align : left; background-color: white; border: 0px #F0F0F0 solid; padding:0px 4px 0px 4px; white-space: nowrap; background-image: url(tbl_bck10.png)\" class=\"hierarchy\"><img src=\"tbl_spacer.png\" alt=\".\" style=\"background-color: inherit\" class=\"hierarchy\"/><img src=\"tbl_vjoin.png\" alt=\".\" style=\"background-color: inherit\" class=\"hierarchy\"/><img src=\"icon_element.gif\" alt=\".\" style=\"background-color: white; background-color: inherit\" title=\"Element\" class=\"hierarchy\"/> <a href=\"qicore-medicationstatement-definitions.html#MedicationStatement.id\">id</a><a name=\"MedicationStatement.id\"> </a></td><td style=\"vertical-align: top; text-align : left; background-color: white; border: 0px #F0F0F0 solid; padding:0px 4px 0px 4px\" class=\"hierarchy\"/><td style=\"vertical-align: top; text-align : left; background-color: white; border: 0px #F0F0F0 solid; padding:0px 4px 0px 4px\" class=\"hierarchy\"><span style=\"opacity: 0.4\">0</span><span style=\"opacity: 0.5\">..</span><span style=\"opacity: 0.4\">1</span></td><td style=\"vertical-align: top; text-align : left; background-color: white; border: 0px #F0F0F0 solid; padding:0px 4px 0px 4px\" class=\"hierarchy\"><a style=\"opacity: 0.4\" href=\"http://hl7.org/fhir/STU3/datatypes.html#id\">id</a></td><td style=\"vertical-align: top; text-align : left; background-color: white; border: 0px #F0F0F0 solid; padding:0px 4px 0px 4px\" class=\"hierarchy\"/></tr>\r\n<tr style=\"border: 0px #F0F0F0 solid; padding:0px; vertical-align: top; background-color: white;\"><td style=\"vertical-align: top; text-align : left; background-color: white; border: 0px #F0F0F0 solid; padding:0px 4px 0px 4px; white-space: nowrap; background-image: url(tbl_bck10.png)\" class=\"hierarchy\"><img src=\"tbl_spacer.png\" alt=\".\" style=\"background-color: inherit\" class=\"hierarchy\"/><img src=\"tbl_vjoin.png\" alt=\".\" style=\"background-color: inherit\" class=\"hierarchy\"/><img src=\"icon_element.gif\" alt=\".\" style=\"background-color: white; background-color: inherit\" title=\"Element\" class=\"hierarchy\"/> <a href=\"qicore-medicationstatement-definitions.html#MedicationStatement.status\">status</a><a name=\"MedicationStatement.status\"> </a></td><td style=\"vertical-align: top; text-align : left; background-color: white; border: 0px #F0F0F0 solid; padding:0px 4px 0px 4px\" class=\"hierarchy\"><span style=\"padding-left: 3px; padding-right: 3px; color: white; background-color: red; opacity: 0.4\" title=\"This element must be supported\">S</span></td><td style=\"vertical-align: top; text-align : left; background-color: white; border: 0px #F0F0F0 solid; padding:0px 4px 0px 4px\" class=\"hierarchy\"><span style=\"opacity: 0.4\">1</span><span style=\"opacity: 0.5\">..</span><span style=\"opacity: 0.4\">1</span></td><td style=\"vertical-align: top; text-align : left; background-color: white; border: 0px #F0F0F0 solid; padding:0px 4px 0px 4px\" class=\"hierarchy\"><a style=\"opacity: 0.4\" href=\"http://hl7.org/fhir/STU3/datatypes.html#code\">code</a></td><td style=\"vertical-align: top; text-align : left; background-color: white; border: 0px #F0F0F0 solid; padding:0px 4px 0px 4px\" class=\"hierarchy\"/></tr>\r\n<tr style=\"border: 0px #F0F0F0 solid; padding:0px; vertical-align: top; background-color: white;\"><td style=\"vertical-align: top; text-align : left; background-color: white; border: 0px #F0F0F0 solid; padding:0px 4px 0px 4px; white-space: nowrap; background-image: url(tbl_bck10.png)\" class=\"hierarchy\"><img src=\"tbl_spacer.png\" alt=\".\" style=\"background-color: inherit\" class=\"hierarchy\"/><img src=\"tbl_vjoin.png\" alt=\".\" style=\"background-color: inherit\" class=\"hierarchy\"/><img src=\"icon_choice.gif\" alt=\".\" style=\"background-color: white; background-color: inherit\" title=\"Choice of Types\" class=\"hierarchy\"/> <a href=\"qicore-medicationstatement-definitions.html#MedicationStatement.medication[x]\">medication[x]</a><a name=\"MedicationStatement.medication_x_\"> </a></td><td style=\"vertical-align: top; text-align : left; background-color: white; border: 0px #F0F0F0 solid; padding:0px 4px 0px 4px\" class=\"hierarchy\"><span style=\"padding-left: 3px; padding-right: 3px; color: white; background-color: red; opacity: 0.4\" title=\"This element must be supported\">S</span></td><td style=\"vertical-align: top; text-align : left; background-color: white; border: 0px #F0F0F0 solid; padding:0px 4px 0px 4px\" class=\"hierarchy\"><span style=\"opacity: 0.4\">1</span><span style=\"opacity: 0.5\">..</span><span style=\"opacity: 0.4\">1</span></td><td style=\"vertical-align: top; text-align : left; background-color: white; border: 0px #F0F0F0 solid; padding:0px 4px 0px 4px\" class=\"hierarchy\"><a href=\"http://hl7.org/fhir/STU3/datatypes.html#CodeableConcept\">CodeableConcept</a>, <a href=\"http://hl7.org/fhir/STU3/references.html\">Reference</a>(<a href=\"qicore-medication.html\">QICore-Medication</a>)</td><td style=\"vertical-align: top; text-align : left; background-color: white; border: 0px #F0F0F0 solid; padding:0px 4px 0px 4px\" class=\"hierarchy\"><span style=\"font-weight:bold\">Binding: </span><a href=\"http://hl7.org/fhir/us/core/ValueSet-us-core-medication-codes.html\">Medication Clinical Drug (RxNorm)</a> (<a href=\"http://hl7.org/fhir/STU3/terminologies.html#preferred\" title=\"Instances are encouraged to draw from the specified codes for interoperability purposes but are not required to do so to be considered conformant.\">preferred</a>)</td></tr>\r\n<tr style=\"border: 0px #F0F0F0 solid; padding:0px; vertical-align: top; background-color: white;\"><td style=\"vertical-align: top; text-align : left; background-color: white; border: 0px #F0F0F0 solid; padding:0px 4px 0px 4px; white-space: nowrap; background-image: url(tbl_bck10.png)\" class=\"hierarchy\"><img src=\"tbl_spacer.png\" alt=\".\" style=\"background-color: inherit\" class=\"hierarchy\"/><img src=\"tbl_vjoin.png\" alt=\".\" style=\"background-color: inherit\" class=\"hierarchy\"/><img src=\"icon_element.gif\" alt=\".\" style=\"background-color: white; background-color: inherit\" title=\"Element\" class=\"hierarchy\"/> <a href=\"qicore-medicationstatement-definitions.html#MedicationStatement.effective[x]\">effective[x]</a><a name=\"MedicationStatement.effective_x_\"> </a></td><td style=\"vertical-align: top; text-align : left; background-color: white; border: 0px #F0F0F0 solid; padding:0px 4px 0px 4px\" class=\"hierarchy\"><span style=\"padding-left: 3px; padding-right: 3px; color: white; background-color: red; opacity: 0.4\" title=\"This element must be supported\">S</span></td><td style=\"vertical-align: top; text-align : left; background-color: white; border: 0px #F0F0F0 solid; padding:0px 4px 0px 4px\" class=\"hierarchy\"><span style=\"opacity: 0.4\">0</span><span style=\"opacity: 0.5\">..</span><span style=\"opacity: 0.4\">1</span></td><td style=\"vertical-align: top; text-align : left; background-color: white; border: 0px #F0F0F0 solid; padding:0px 4px 0px 4px\" class=\"hierarchy\"><a style=\"opacity: 0.4\" href=\"http://hl7.org/fhir/STU3/datatypes.html#dateTime\">dateTime</a><span style=\"opacity: 0.4\">, </span><a style=\"opacity: 0.4\" href=\"http://hl7.org/fhir/STU3/datatypes.html#Period\">Period</a></td><td style=\"vertical-align: top; text-align : left; background-color: white; border: 0px #F0F0F0 solid; padding:0px 4px 0px 4px\" class=\"hierarchy\"/></tr>\r\n<tr style=\"border: 0px #F0F0F0 solid; padding:0px; vertical-align: top; background-color: white;\"><td style=\"vertical-align: top; text-align : left; background-color: white; border: 0px #F0F0F0 solid; padding:0px 4px 0px 4px; white-space: nowrap; background-image: url(tbl_bck10.png)\" class=\"hierarchy\"><img src=\"tbl_spacer.png\" alt=\".\" style=\"background-color: inherit\" class=\"hierarchy\"/><img src=\"tbl_vjoin.png\" alt=\".\" style=\"background-color: inherit\" class=\"hierarchy\"/><img src=\"icon_element.gif\" alt=\".\" style=\"background-color: white; background-color: inherit\" title=\"Element\" class=\"hierarchy\"/> <a href=\"qicore-medicationstatement-definitions.html#MedicationStatement.dateAsserted\">dateAsserted</a><a name=\"MedicationStatement.dateAsserted\"> </a></td><td style=\"vertical-align: top; text-align : left; background-color: white; border: 0px #F0F0F0 solid; padding:0px 4px 0px 4px\" class=\"hierarchy\"><span style=\"padding-left: 3px; padding-right: 3px; color: white; background-color: red; opacity: 0.4\" title=\"This element must be supported\">S</span></td><td style=\"vertical-align: top; text-align : left; background-color: white; border: 0px #F0F0F0 solid; padding:0px 4px 0px 4px\" class=\"hierarchy\"><span style=\"opacity: 0.4\">1</span><span style=\"opacity: 0.5\">..</span><span style=\"opacity: 0.4\">1</span></td><td style=\"vertical-align: top; text-align : left; background-color: white; border: 0px #F0F0F0 solid; padding:0px 4px 0px 4px\" class=\"hierarchy\"><a style=\"opacity: 0.4\" href=\"http://hl7.org/fhir/STU3/datatypes.html#dateTime\">dateTime</a></td><td style=\"vertical-align: top; text-align : left; background-color: white; border: 0px #F0F0F0 solid; padding:0px 4px 0px 4px\" class=\"hierarchy\"/></tr>\r\n<tr style=\"border: 0px #F0F0F0 solid; padding:0px; vertical-align: top; background-color: white;\"><td style=\"vertical-align: top; text-align : left; background-color: white; border: 0px #F0F0F0 solid; padding:0px 4px 0px 4px; white-space: nowrap; background-image: url(tbl_bck10.png)\" class=\"hierarchy\"><img src=\"tbl_spacer.png\" alt=\".\" style=\"background-color: inherit\" class=\"hierarchy\"/><img src=\"tbl_vjoin.png\" alt=\".\" style=\"background-color: inherit\" class=\"hierarchy\"/><img src=\"icon_reference.png\" alt=\".\" style=\"background-color: white; background-color: inherit\" title=\"Reference to another Resource\" class=\"hierarchy\"/> <a href=\"qicore-medicationstatement-definitions.html#MedicationStatement.informationSource\">informationSource</a><a name=\"MedicationStatement.informationSource\"> </a></td><td style=\"vertical-align: top; text-align : left; background-color: white; border: 0px #F0F0F0 solid; padding:0px 4px 0px 4px\" class=\"hierarchy\"><span style=\"padding-left: 3px; padding-right: 3px; color: white; background-color: red\" title=\"This element must be supported\">S</span></td><td style=\"vertical-align: top; text-align : left; background-color: white; border: 0px #F0F0F0 solid; padding:0px 4px 0px 4px\" class=\"hierarchy\"><span style=\"opacity: 0.4\">0</span><span style=\"opacity: 0.5\">..</span><span style=\"opacity: 0.4\">1</span></td><td style=\"vertical-align: top; text-align : left; background-color: white; border: 0px #F0F0F0 solid; padding:0px 4px 0px 4px\" class=\"hierarchy\"><a href=\"http://hl7.org/fhir/STU3/references.html\">Reference</a>(<a href=\"qicore-patient.html\">QICore-Patient</a>), <a href=\"http://hl7.org/fhir/STU3/references.html\">Reference</a>(<a href=\"qicore-practitioner.html\">QICore-Practitioner</a>), <a href=\"http://hl7.org/fhir/STU3/references.html\">Reference</a>(<a href=\"qicore-relatedperson.html\">QICore-RelatedPerson</a>)</td><td style=\"vertical-align: top; text-align : left; background-color: white; border: 0px #F0F0F0 solid; padding:0px 4px 0px 4px\" class=\"hierarchy\"/></tr>\r\n<tr style=\"border: 0px #F0F0F0 solid; padding:0px; vertical-align: top; background-color: white;\"><td style=\"vertical-align: top; text-align : left; background-color: white; border: 0px #F0F0F0 solid; padding:0px 4px 0px 4px; white-space: nowrap; background-image: url(tbl_bck10.png)\" class=\"hierarchy\"><img src=\"tbl_spacer.png\" alt=\".\" style=\"background-color: inherit\" class=\"hierarchy\"/><img src=\"tbl_vjoin.png\" alt=\".\" style=\"background-color: inherit\" class=\"hierarchy\"/><img src=\"icon_reference.png\" alt=\".\" style=\"background-color: white; background-color: inherit\" title=\"Reference to another Resource\" class=\"hierarchy\"/> <a href=\"qicore-medicationstatement-definitions.html#MedicationStatement.subject\">subject</a><a name=\"MedicationStatement.subject\"> </a></td><td style=\"vertical-align: top; text-align : left; background-color: white; border: 0px #F0F0F0 solid; padding:0px 4px 0px 4px\" class=\"hierarchy\"><span style=\"padding-left: 3px; padding-right: 3px; color: white; background-color: red; opacity: 0.4\" title=\"This element must be supported\">S</span></td><td style=\"vertical-align: top; text-align : left; background-color: white; border: 0px #F0F0F0 solid; padding:0px 4px 0px 4px\" class=\"hierarchy\"><span style=\"opacity: 0.4\">1</span><span style=\"opacity: 0.5\">..</span><span style=\"opacity: 0.4\">1</span></td><td style=\"vertical-align: top; text-align : left; background-color: white; border: 0px #F0F0F0 solid; padding:0px 4px 0px 4px\" class=\"hierarchy\"><a href=\"http://hl7.org/fhir/STU3/references.html\">Reference</a>(<a href=\"qicore-patient.html\">QICore-Patient</a>), <a href=\"http://hl7.org/fhir/STU3/references.html\">Reference</a>(<a href=\"http://hl7.org/fhir/STU3/group.html\">Group</a>)</td><td style=\"vertical-align: top; text-align : left; background-color: white; border: 0px #F0F0F0 solid; padding:0px 4px 0px 4px\" class=\"hierarchy\"/></tr>\r\n<tr style=\"border: 0px #F0F0F0 solid; padding:0px; vertical-align: top; background-color: white;\"><td style=\"vertical-align: top; text-align : left; background-color: white; border: 0px #F0F0F0 solid; padding:0px 4px 0px 4px; white-space: nowrap; background-image: url(tbl_bck10.png)\" class=\"hierarchy\"><img src=\"tbl_spacer.png\" alt=\".\" style=\"background-color: inherit\" class=\"hierarchy\"/><img src=\"tbl_vjoin.png\" alt=\".\" style=\"background-color: inherit\" class=\"hierarchy\"/><img src=\"icon_element.gif\" alt=\".\" style=\"background-color: white; background-color: inherit\" title=\"Element\" class=\"hierarchy\"/> <a href=\"qicore-medicationstatement-definitions.html#MedicationStatement.derivedFrom\">derivedFrom</a><a name=\"MedicationStatement.derivedFrom\"> </a></td><td style=\"vertical-align: top; text-align : left; background-color: white; border: 0px #F0F0F0 solid; padding:0px 4px 0px 4px\" class=\"hierarchy\"><span style=\"padding-left: 3px; padding-right: 3px; color: white; background-color: red; opacity: 0.4\" title=\"This element must be supported\">S</span></td><td style=\"vertical-align: top; text-align : left; background-color: white; border: 0px #F0F0F0 solid; padding:0px 4px 0px 4px\" class=\"hierarchy\"><span style=\"opacity: 0.4\">0</span><span style=\"opacity: 0.5\">..</span><span style=\"opacity: 0.4\">*</span></td><td style=\"vertical-align: top; text-align : left; background-color: white; border: 0px #F0F0F0 solid; padding:0px 4px 0px 4px\" class=\"hierarchy\"><a href=\"http://hl7.org/fhir/STU3/references.html\">Reference</a>(<a style=\"opacity: 0.4\" href=\"http://hl7.org/fhir/STU3/resource.html\">Resource</a>)</td><td style=\"vertical-align: top; text-align : left; background-color: white; border: 0px #F0F0F0 solid; padding:0px 4px 0px 4px\" class=\"hierarchy\"/></tr>\r\n<tr style=\"border: 0px #F0F0F0 solid; padding:0px; vertical-align: top; background-color: white;\"><td style=\"vertical-align: top; text-align : left; background-color: white; border: 0px #F0F0F0 solid; padding:0px 4px 0px 4px; white-space: nowrap; background-image: url(tbl_bck10.png)\" class=\"hierarchy\"><img src=\"tbl_spacer.png\" alt=\".\" style=\"background-color: inherit\" class=\"hierarchy\"/><img src=\"tbl_vjoin.png\" alt=\".\" style=\"background-color: inherit\" class=\"hierarchy\"/><img src=\"icon_element.gif\" alt=\".\" style=\"background-color: white; background-color: inherit\" title=\"Element\" class=\"hierarchy\"/> <a href=\"qicore-medicationstatement-definitions.html#MedicationStatement.taken\">taken</a><a name=\"MedicationStatement.taken\"> </a></td><td style=\"vertical-align: top; text-align : left; background-color: white; border: 0px #F0F0F0 solid; padding:0px 4px 0px 4px\" class=\"hierarchy\"><span style=\"padding-left: 3px; padding-right: 3px; color: white; background-color: red; opacity: 0.4\" title=\"This element must be supported\">S</span></td><td style=\"vertical-align: top; text-align : left; background-color: white; border: 0px #F0F0F0 solid; padding:0px 4px 0px 4px\" class=\"hierarchy\"><span style=\"opacity: 0.4\">1</span><span style=\"opacity: 0.5\">..</span><span style=\"opacity: 0.4\">1</span></td><td style=\"vertical-align: top; text-align : left; background-color: white; border: 0px #F0F0F0 solid; padding:0px 4px 0px 4px\" class=\"hierarchy\"><a style=\"opacity: 0.4\" href=\"http://hl7.org/fhir/STU3/datatypes.html#code\">code</a></td><td style=\"vertical-align: top; text-align : left; background-color: white; border: 0px #F0F0F0 solid; padding:0px 4px 0px 4px\" class=\"hierarchy\"/></tr>\r\n<tr style=\"border: 0px #F0F0F0 solid; padding:0px; vertical-align: top; background-color: white;\"><td style=\"vertical-align: top; text-align : left; background-color: white; border: 0px #F0F0F0 solid; padding:0px 4px 0px 4px; white-space: nowrap; background-image: url(tbl_bck10.png)\" class=\"hierarchy\"><img src=\"tbl_spacer.png\" alt=\".\" style=\"background-color: inherit\" class=\"hierarchy\"/><img src=\"tbl_vjoin.png\" alt=\".\" style=\"background-color: inherit\" class=\"hierarchy\"/><img src=\"icon_datatype.gif\" alt=\".\" style=\"background-color: white; background-color: inherit\" title=\"Data Type\" class=\"hierarchy\"/> <a href=\"qicore-medicationstatement-definitions.html#MedicationStatement.reasonCode\">reasonCode</a><a name=\"MedicationStatement.reasonCode\"> </a></td><td style=\"vertical-align: top; text-align : left; background-color: white; border: 0px #F0F0F0 solid; padding:0px 4px 0px 4px\" class=\"hierarchy\"/><td style=\"vertical-align: top; text-align : left; background-color: white; border: 0px #F0F0F0 solid; padding:0px 4px 0px 4px\" class=\"hierarchy\"><span style=\"opacity: 0.4\">0</span><span style=\"opacity: 0.5\">..</span><span style=\"opacity: 0.4\">*</span></td><td style=\"vertical-align: top; text-align : left; background-color: white; border: 0px #F0F0F0 solid; padding:0px 4px 0px 4px\" class=\"hierarchy\"><a style=\"opacity: 0.4\" href=\"http://hl7.org/fhir/STU3/datatypes.html#CodeableConcept\">CodeableConcept</a></td><td style=\"vertical-align: top; text-align : left; background-color: white; border: 0px #F0F0F0 solid; padding:0px 4px 0px 4px\" class=\"hierarchy\"/></tr>\r\n<tr style=\"border: 0px #F0F0F0 solid; padding:0px; vertical-align: top; background-color: white;\"><td style=\"vertical-align: top; text-align : left; background-color: white; border: 0px #F0F0F0 solid; padding:0px 4px 0px 4px; white-space: nowrap; background-image: url(tbl_bck01.png)\" class=\"hierarchy\"><img src=\"tbl_spacer.png\" alt=\".\" style=\"background-color: inherit\" class=\"hierarchy\"/><img src=\"tbl_vjoin_end.png\" alt=\".\" style=\"background-color: inherit\" class=\"hierarchy\"/><img src=\"icon_element.gif\" alt=\".\" style=\"background-color: white; background-color: inherit\" title=\"Element\" class=\"hierarchy\"/> <a href=\"qicore-medicationstatement-definitions.html#MedicationStatement.dosage\">dosage</a><a name=\"MedicationStatement.dosage\"> </a></td><td style=\"vertical-align: top; text-align : left; background-color: white; border: 0px #F0F0F0 solid; padding:0px 4px 0px 4px\" class=\"hierarchy\"/><td style=\"vertical-align: top; text-align : left; background-color: white; border: 0px #F0F0F0 solid; padding:0px 4px 0px 4px\" class=\"hierarchy\"><span style=\"opacity: 0.4\">0</span><span style=\"opacity: 0.5\">..</span><span style=\"opacity: 0.4\">*</span></td><td style=\"vertical-align: top; text-align : left; background-color: white; border: 0px #F0F0F0 solid; padding:0px 4px 0px 4px\" class=\"hierarchy\"><a style=\"opacity: 0.4\" href=\"http://hl7.org/fhir/STU3/datatypes.html#Dosage\">Dosage</a></td><td style=\"vertical-align: top; text-align : left; background-color: white; border: 0px #F0F0F0 solid; padding:0px 4px 0px 4px\" class=\"hierarchy\"/></tr>\r\n<tr style=\"border: 0px #F0F0F0 solid; padding:0px; vertical-align: top; background-color: white;\"><td style=\"vertical-align: top; text-align : left; background-color: white; border: 0px #F0F0F0 solid; padding:0px 4px 0px 4px; white-space: nowrap; background-image: url(tbl_bck010.png)\" class=\"hierarchy\"><img src=\"tbl_spacer.png\" alt=\".\" style=\"background-color: inherit\" class=\"hierarchy\"/><img src=\"tbl_blank.png\" alt=\".\" style=\"background-color: inherit\" class=\"hierarchy\"/><img src=\"tbl_vjoin.png\" alt=\".\" style=\"background-color: inherit\" class=\"hierarchy\"/><img src=\"icon_element.gif\" alt=\".\" style=\"background-color: white; background-color: inherit\" title=\"Element\" class=\"hierarchy\"/> <a href=\"qicore-medicationstatement-definitions.html#MedicationStatement.dosage.timing\">timing</a><a name=\"MedicationStatement.dosage.timing\"> </a></td><td style=\"vertical-align: top; text-align : left; background-color: white; border: 0px #F0F0F0 solid; padding:0px 4px 0px 4px\" class=\"hierarchy\"><span style=\"padding-left: 3px; padding-right: 3px; color: white; background-color: red\" title=\"This element must be supported\">S</span></td><td style=\"vertical-align: top; text-align : left; background-color: white; border: 0px #F0F0F0 solid; padding:0px 4px 0px 4px\" class=\"hierarchy\"><span style=\"opacity: 0.4\">0</span><span style=\"opacity: 0.5\">..</span><span style=\"opacity: 0.4\">1</span></td><td style=\"vertical-align: top; text-align : left; background-color: white; border: 0px #F0F0F0 solid; padding:0px 4px 0px 4px\" class=\"hierarchy\"><a style=\"opacity: 0.4\" href=\"http://hl7.org/fhir/STU3/datatypes.html#Timing\">Timing</a></td><td style=\"vertical-align: top; text-align : left; background-color: white; border: 0px #F0F0F0 solid; padding:0px 4px 0px 4px\" class=\"hierarchy\"/></tr>\r\n<tr style=\"border: 0px #F0F0F0 solid; padding:0px; vertical-align: top; background-color: white;\"><td style=\"vertical-align: top; text-align : left; background-color: white; border: 0px #F0F0F0 solid; padding:0px 4px 0px 4px; white-space: nowrap; background-image: url(tbl_bck010.png)\" class=\"hierarchy\"><img src=\"tbl_spacer.png\" alt=\".\" style=\"background-color: inherit\" class=\"hierarchy\"/><img src=\"tbl_blank.png\" alt=\".\" style=\"background-color: inherit\" class=\"hierarchy\"/><img src=\"tbl_vjoin.png\" alt=\".\" style=\"background-color: inherit\" class=\"hierarchy\"/><img src=\"icon_element.gif\" alt=\".\" style=\"background-color: white; background-color: inherit\" title=\"Element\" class=\"hierarchy\"/> <a href=\"qicore-medicationstatement-definitions.html#MedicationStatement.dosage.site\">site</a><a name=\"MedicationStatement.dosage.site\"> </a></td><td style=\"vertical-align: top; text-align : left; background-color: white; border: 0px #F0F0F0 solid; padding:0px 4px 0px 4px\" class=\"hierarchy\"/><td style=\"vertical-align: top; text-align : left; background-color: white; border: 0px #F0F0F0 solid; padding:0px 4px 0px 4px\" class=\"hierarchy\"><span style=\"opacity: 0.4\">0</span><span style=\"opacity: 0.5\">..</span><span style=\"opacity: 0.4\">1</span></td><td style=\"vertical-align: top; text-align : left; background-color: white; border: 0px #F0F0F0 solid; padding:0px 4px 0px 4px\" class=\"hierarchy\"><a style=\"opacity: 0.4\" href=\"http://hl7.org/fhir/STU3/datatypes.html#CodeableConcept\">CodeableConcept</a></td><td style=\"vertical-align: top; text-align : left; background-color: white; border: 0px #F0F0F0 solid; padding:0px 4px 0px 4px\" class=\"hierarchy\"/></tr>\r\n<tr style=\"border: 0px #F0F0F0 solid; padding:0px; vertical-align: top; background-color: white;\"><td style=\"vertical-align: top; text-align : left; background-color: white; border: 0px #F0F0F0 solid; padding:0px 4px 0px 4px; white-space: nowrap; background-image: url(tbl_bck010.png)\" class=\"hierarchy\"><img src=\"tbl_spacer.png\" alt=\".\" style=\"background-color: inherit\" class=\"hierarchy\"/><img src=\"tbl_blank.png\" alt=\".\" style=\"background-color: inherit\" class=\"hierarchy\"/><img src=\"tbl_vjoin.png\" alt=\".\" style=\"background-color: inherit\" class=\"hierarchy\"/><img src=\"icon_element.gif\" alt=\".\" style=\"background-color: white; background-color: inherit\" title=\"Element\" class=\"hierarchy\"/> <a href=\"qicore-medicationstatement-definitions.html#MedicationStatement.dosage.route\">route</a><a name=\"MedicationStatement.dosage.route\"> </a></td><td style=\"vertical-align: top; text-align : left; background-color: white; border: 0px #F0F0F0 solid; padding:0px 4px 0px 4px\" class=\"hierarchy\"><span style=\"padding-left: 3px; padding-right: 3px; color: white; background-color: red\" title=\"This element must be supported\">S</span></td><td style=\"vertical-align: top; text-align : left; background-color: white; border: 0px #F0F0F0 solid; padding:0px 4px 0px 4px\" class=\"hierarchy\"><span style=\"opacity: 0.4\">0</span><span style=\"opacity: 0.5\">..</span><span style=\"opacity: 0.4\">1</span></td><td style=\"vertical-align: top; text-align : left; background-color: white; border: 0px #F0F0F0 solid; padding:0px 4px 0px 4px\" class=\"hierarchy\"><a style=\"opacity: 0.4\" href=\"http://hl7.org/fhir/STU3/datatypes.html#CodeableConcept\">CodeableConcept</a></td><td style=\"vertical-align: top; text-align : left; background-color: white; border: 0px #F0F0F0 solid; padding:0px 4px 0px 4px\" class=\"hierarchy\"/></tr>\r\n<tr style=\"border: 0px #F0F0F0 solid; padding:0px; vertical-align: top; background-color: white;\"><td style=\"vertical-align: top; text-align : left; background-color: white; border: 0px #F0F0F0 solid; padding:0px 4px 0px 4px; white-space: nowrap; background-image: url(tbl_bck000.png)\" class=\"hierarchy\"><img src=\"tbl_spacer.png\" alt=\".\" style=\"background-color: inherit\" class=\"hierarchy\"/><img src=\"tbl_blank.png\" alt=\".\" style=\"background-color: inherit\" class=\"hierarchy\"/><img src=\"tbl_vjoin_end.png\" alt=\".\" style=\"background-color: inherit\" class=\"hierarchy\"/><img src=\"icon_element.gif\" alt=\".\" style=\"background-color: white; background-color: inherit\" title=\"Element\" class=\"hierarchy\"/> <a href=\"qicore-medicationstatement-definitions.html#MedicationStatement.dosage.dose[x]\">dose[x]</a><a name=\"MedicationStatement.dosage.dose_x_\"> </a></td><td style=\"vertical-align: top; text-align : left; background-color: white; border: 0px #F0F0F0 solid; padding:0px 4px 0px 4px\" class=\"hierarchy\"><span style=\"padding-left: 3px; padding-right: 3px; color: white; background-color: red\" title=\"This element must be supported\">S</span></td><td style=\"vertical-align: top; text-align : left; background-color: white; border: 0px #F0F0F0 solid; padding:0px 4px 0px 4px\" class=\"hierarchy\"><span style=\"opacity: 0.4\">0</span><span style=\"opacity: 0.5\">..</span><span style=\"opacity: 0.4\">1</span></td><td style=\"vertical-align: top; text-align : left; background-color: white; border: 0px #F0F0F0 solid; padding:0px 4px 0px 4px\" class=\"hierarchy\"><a style=\"opacity: 0.4\" href=\"http://hl7.org/fhir/STU3/datatypes.html#Range\">Range</a><span style=\"opacity: 0.4\">, </span><a style=\"opacity: 0.4\" href=\"http://hl7.org/fhir/STU3/datatypes.html#SimpleQuantity\" title=\"Quantity\">SimpleQuantity</a></td><td style=\"vertical-align: top; text-align : left; background-color: white; border: 0px #F0F0F0 solid; padding:0px 4px 0px 4px\" class=\"hierarchy\"/></tr>\r\n<tr><td colspan=\"5\" class=\"hierarchy\"><br/><a href=\"http://hl7.org/fhir/STU3/formats.html#table\" title=\"Legend for this format\"><img src=\"http://hl7.org/fhir/STU3/help16.png\" alt=\"doco\" style=\"background-color: inherit\"/> Documentation for this format</a></td></tr></table></div>"},"url":"http://hl7.org/fhir/us/qicore/StructureDefinition/qicore-medicationstatement","version":"0.1","name":"QICore-MedicationStatement","status":"draft","date":"2017-08-21","publisher":"Health Level Seven International (Clinical Quality Information - QICore)","contact":[{"telecom":[{"system":"url","value":"http://hl7.org/special/committees/CQI"}]}],"description":"Profile of MedicationStatement for decision support/quality metrics. Defines the core set of elements and extensions for quality rule and measure authors.","fhirVersion":"3.0.1","mapping":[{"identity":"qdm","uri":"http://www.healthit.gov/quality-data-model","name":"Quality Data Model"},{"identity":"argonaut-dq-dstu2","uri":"http://unknown.org/Argonaut-DQ-DSTU2","name":"Argonaut-DQ-DSTU2"},{"identity":"workflow","uri":"http://hl7.org/fhir/workflow","name":"Workflow Mapping"},{"identity":"rim","uri":"http://hl7.org/v3","name":"RIM Mapping"},{"identity":"w5","uri":"http://hl7.org/fhir/w5","name":"W5 Mapping"},{"identity":"v2","uri":"http://hl7.org/v2","name":"HL7 v2 Mapping"}],"kind":"resource","abstract":false,"type":"MedicationStatement","baseDefinition":"http://hl7.org/fhir/us/core/StructureDefinition/us-core-medicationstatement","derivation":"constraint","snapshot":{"element":[{"id":"MedicationStatement","path":"MedicationStatement","short":"US Core Medication Statement Profile","definition":"The US Core Medication Statement Profile is based upon the core FHIR MedicationStatement Resource and created to meet the 2015 Edition Common Clinical Data Set 'Medications' requirements.","comment":"When interpreting a medicationStatement, the value of the status and NotTaken needed to be considered:\rMedicationStatement.status + MedicationStatement.wasNotTaken\rStatus=Active + NotTaken=T = Not currently taking\rStatus=Completed + NotTaken=T = Not taken in the past\rStatus=Intended + NotTaken=T = No intention of taking\rStatus=Active + NotTaken=F = Taking, but not as prescribed\rStatus=Active + NotTaken=F = Taking\rStatus=Intended +NotTaken= F = Will be taking (not started)\rStatus=Completed + NotTaken=F = Taken in past\rStatus=In Error + NotTaken=N/A = In Error.","min":0,"max":"*","base":{"path":"MedicationStatement","min":0,"max":"*"},"constraint":[{"key":"dom-2","severity":"error","human":"If the resource is contained in another resource, it SHALL NOT contain nested Resources","expression":"contained.contained.empty()","xpath":"not(parent::f:contained and f:contained)","source":"DomainResource"},{"key":"dom-1","severity":"error","human":"If the resource is contained in another resource, it SHALL NOT contain any narrative","expression":"contained.text.empty()","xpath":"not(parent::f:contained and f:text)","source":"DomainResource"},{"key":"dom-4","severity":"error","human":"If a resource is contained in another resource, it SHALL NOT have a meta.versionId or a meta.lastUpdated","expression":"contained.meta.versionId.empty() and contained.meta.lastUpdated.empty()","xpath":"not(exists(f:contained/*/f:meta/f:versionId)) and not(exists(f:contained/*/f:meta/f:lastUpdated))","source":"DomainResource"},{"key":"dom-3","severity":"error","human":"If the resource is contained in another resource, it SHALL be referred to from elsewhere in the resource","expression":"contained.where(('#'+id in %resource.descendants().reference).not()).empty()","xpath":"not(exists(for $id in f:contained/*/@id return $id[not(ancestor::f:contained/parent::*/descendant::f:reference/@value=concat('#', $id))]))","source":"DomainResource"},{"key":"mst-1","severity":"error","human":"Reason not taken is only permitted if Taken is No","expression":"reasonNotTaken.exists().not() or (taken = 'n')","xpath":"not(exists(f:reasonNotTaken)) or f:taken/@value='n'","source":"MedicationStatement"}],"mustSupport":false,"mapping":[{"identity":"rim","map":"Entity. Role, or Act"},{"identity":"workflow","map":"..Event"},{"identity":"rim","map":"SubstanceAdministration"},{"identity":"w5","map":"clinical.medication"},{"identity":"argonaut-dq-dstu2","map":"MedicationStatement"},{"identity":"qdm","map":"Medication, Active (when MedicationStatement.status=\"active\")"}]},{"id":"MedicationStatement.id","path":"MedicationStatement.id","short":"Logical id of this artifact","definition":"The logical id of the resource, as used in the URL for the resource. Once assigned, this value never changes.","comment":"The only time that a resource does not have an id is when it is being submitted to the server using a create operation.","min":0,"max":"1","base":{"path":"Resource.id","min":0,"max":"1"},"type":[{"code":"id"}],"mustSupport":false,"isSummary":true,"mapping":[{"identity":"qdm","map":"id"}]},{"id":"MedicationStatement.meta","path":"MedicationStatement.meta","short":"Metadata about the resource","definition":"The metadata about the resource. This is content that is maintained by the infrastructure. Changes to the content may not always be associated with version changes to the resource.","min":0,"max":"1","base":{"path":"Resource.meta","min":0,"max":"1"},"type":[{"code":"Meta"}],"isSummary":true},{"id":"MedicationStatement.implicitRules","path":"MedicationStatement.implicitRules","short":"A set of rules under which this content was created","definition":"A reference to a set of rules that were followed when the resource was constructed, and which must be understood when processing the content.","comment":"Asserting this rule set restricts the content to be only understood by a limited set of trading partners. This inherently limits the usefulness of the data in the long term. However, the existing health eco-system is highly fractured, and not yet ready to define, collect, and exchange data in a generally computable sense. Wherever possible, implementers and/or specification writers should avoid using this element. \n\nThis element is labelled as a modifier because the implicit rules may provide additional knowledge about the resource that modifies it's meaning or interpretation.","min":0,"max":"1","base":{"path":"Resource.implicitRules","min":0,"max":"1"},"type":[{"code":"uri"}],"isModifier":true,"isSummary":true},{"id":"MedicationStatement.language","path":"MedicationStatement.language","short":"Language of the resource content","definition":"The base language in which the resource is written.","comment":"Language is provided to support indexing and accessibility (typically, services such as text to speech use the language tag). The html language tag in the narrative applies  to the narrative. The language tag on the resource may be used to specify the language of other presentations generated from the data in the resource  Not all the content has to be in the base language. The Resource.language should not be assumed to apply to the narrative automatically. If a language is specified, it should it also be specified on the div element in the html (see rules in HTML5 for information about the relationship between xml:lang and the html lang attribute).","min":0,"max":"1","base":{"path":"Resource.language","min":0,"max":"1"},"type":[{"code":"code"}],"binding":{"extension":[{"url":"http://hl7.org/fhir/StructureDefinition/elementdefinition-maxValueSet","valueReference":{"reference":"http://hl7.org/fhir/ValueSet/all-languages"}},{"url":"http://hl7.org/fhir/StructureDefinition/elementdefinition-bindingName","valueString":"Language"},{"url":"http://hl7.org/fhir/StructureDefinition/elementdefinition-isCommonBinding","valueBoolean":true}],"strength":"extensible","description":"A human language.","valueSetReference":{"reference":"http://hl7.org/fhir/ValueSet/languages"}}},{"id":"MedicationStatement.text","path":"MedicationStatement.text","short":"Text summary of the resource, for human interpretation","definition":"A human-readable narrative that contains a summary of the resource, and may be used to represent the content of the resource to a human. The narrative need not encode all the structured data, but is required to contain sufficient detail to make it \"clinically safe\" for a human to just read the narrative. Resource definitions may define what content should be represented in the narrative to ensure clinical safety.","comment":"Contained resources do not have narrative. Resources that are not contained SHOULD have a narrative. In some cases, a resource may only have text with little or no additional discrete data (as long as all minOccurs=1 elements are satisfied).  This may be necessary for data from legacy systems where information is captured as a \"text blob\" or where text is additionally entered raw or narrated and encoded in formation is added later.","alias":["narrative","html","xhtml","display"],"min":0,"max":"1","base":{"path":"DomainResource.text","min":0,"max":"1"},"type":[{"code":"Narrative"}],"condition":["dom-1"],"mapping":[{"identity":"rim","map":"Act.text?"}]},{"id":"MedicationStatement.contained","path":"MedicationStatement.contained","short":"Contained, inline Resources","definition":"These resources do not have an independent existence apart from the resource that contains them - they cannot be identified independently, and nor can they have their own independent transaction scope.","comment":"This should never be done when the content can be identified properly, as once identification is lost, it is extremely difficult (and context dependent) to restore it again.","alias":["inline resources","anonymous resources","contained resources"],"min":0,"max":"*","base":{"path":"DomainResource.contained","min":0,"max":"*"},"type":[{"code":"Resource"}],"mapping":[{"identity":"rim","map":"N/A"}]},{"id":"MedicationStatement.extension","path":"MedicationStatement.extension","short":"Additional Content defined by implementations","definition":"May be used to represent additional information that is not part of the basic definition of the resource. In order to make the use of extensions safe and manageable, there is a strict set of governance  applied to the definition and use of extensions. Though any implementer is allowed to define an extension, there is a set of requirements that SHALL be met as part of the definition of the extension.","comment":"There can be no stigma associated with the use of extensions by any application, project, or standard - regardless of the institution or jurisdiction that uses or defines the extensions.  The use of extensions is what allows the FHIR specification to retain a core level of simplicity for everyone.","alias":["extensions","user content"],"min":0,"max":"*","base":{"path":"DomainResource.extension","min":0,"max":"*"},"type":[{"code":"Extension"}],"mapping":[{"identity":"rim","map":"N/A"}]},{"id":"MedicationStatement.modifierExtension","path":"MedicationStatement.modifierExtension","short":"Extensions that cannot be ignored","definition":"May be used to represent additional information that is not part of the basic definition of the resource, and that modifies the understanding of the element that contains it. Usually modifier elements provide negation or qualification. In order to make the use of extensions safe and manageable, there is a strict set of governance applied to the definition and use of extensions. Though any implementer is allowed to define an extension, there is a set of requirements that SHALL be met as part of the definition of the extension. Applications processing a resource are required to check for modifier extensions.","comment":"There can be no stigma associated with the use of extensions by any application, project, or standard - regardless of the institution or jurisdiction that uses or defines the extensions.  The use of extensions is what allows the FHIR specification to retain a core level of simplicity for everyone.","alias":["extensions","user content"],"min":0,"max":"*","base":{"path":"DomainResource.modifierExtension","min":0,"max":"*"},"type":[{"code":"Extension"}],"isModifier":true,"mapping":[{"identity":"rim","map":"N/A"}]},{"id":"MedicationStatement.identifier","path":"MedicationStatement.identifier","short":"External identifier","definition":"External identifier - FHIR will generate its own internal identifiers (probably URLs) which do not need to be explicitly managed by the resource.  The identifier here is one that would be used by another non-FHIR system - for example an automated medication pump would provide a record each time it operated; an administration while the patient was off the ward might be made with a different system and entered after the event.  Particularly important if these records have to be updated.","min":0,"max":"*","base":{"path":"MedicationStatement.identifier","min":0,"max":"*"},"type":[{"code":"Identifier"}],"isSummary":true,"mapping":[{"identity":"workflow","map":"…identifer"},{"identity":"rim","map":".id"},{"identity":"w5","map":"id"}]},{"id":"MedicationStatement.basedOn","path":"MedicationStatement.basedOn","short":"Fulfils plan, proposal or order","definition":"A plan, proposal or order that is fulfilled in whole or in part by this event.","requirements":"Allows tracing of authorization for the event and tracking whether proposals/recommendations were acted upon.","min":0,"max":"*","base":{"path":"MedicationStatement.basedOn","min":0,"max":"*"},"type":[{"code":"Reference","targetProfile":"http://hl7.org/fhir/StructureDefinition/MedicationRequest"},{"code":"Reference","targetProfile":"http://hl7.org/fhir/StructureDefinition/CarePlan"},{"code":"Reference","targetProfile":"http://hl7.org/fhir/StructureDefinition/ProcedureRequest"},{"code":"Reference","targetProfile":"http://hl7.org/fhir/StructureDefinition/ReferralRequest"}],"isSummary":true,"mapping":[{"identity":"workflow","map":"…basedOn"},{"identity":"rim","map":".outboundRelationship[typeCode=FLFS].target[classCode=SBADM or PROC or PCPR or OBS, moodCode=RQO orPLAN or PRP]"}]},{"id":"MedicationStatement.partOf","path":"MedicationStatement.partOf","short":"Part of referenced event","definition":"A larger event of which this particular event is a component or step.","requirements":"This should not be used when indicating which resource a MedicationStatement has been derived from.  If that is the use case, then MedicationStatement.derivedFrom should be used.","min":0,"max":"*","base":{"path":"MedicationStatement.partOf","min":0,"max":"*"},"type":[{"code":"Reference","targetProfile":"http://hl7.org/fhir/StructureDefinition/MedicationAdministration"},{"code":"Reference","targetProfile":"http://hl7.org/fhir/StructureDefinition/MedicationDispense"},{"code":"Reference","targetProfile":"http://hl7.org/fhir/StructureDefinition/MedicationStatement"},{"code":"Reference","targetProfile":"http://hl7.org/fhir/StructureDefinition/Procedure"},{"code":"Reference","targetProfile":"http://hl7.org/fhir/StructureDefinition/Observation"}],"isSummary":true,"mapping":[{"identity":"workflow","map":"…part of"},{"identity":"rim","map":".outboundRelationship[typeCode=COMP]/target[classCode=SPLY or SBADM or PROC or OBS,moodCode=EVN]"}]},{"id":"MedicationStatement.context","path":"MedicationStatement.context","short":"Encounter / Episode associated with MedicationStatement","definition":"The encounter or episode of care that establishes the context for this MedicationStatement.","min":0,"max":"1","base":{"path":"MedicationStatement.context","min":0,"max":"1"},"type":[{"code":"Reference","targetProfile":"http://hl7.org/fhir/StructureDefinition/Encounter"},{"code":"Reference","targetProfile":"http://hl7.org/fhir/StructureDefinition/EpisodeOfCare"}],"isSummary":true,"mapping":[{"identity":"workflow","map":"…context"},{"identity":"rim","map":".inboundRelationship[typeCode=COMP].source[classCode=ENC, moodCode=EVN, code=\"type of encounter or episode\"]"}]},{"id":"MedicationStatement.status","path":"MedicationStatement.status","short":"active | completed | entered-in-error | intended | stopped | on-hold","definition":"A code representing the patient or other source's judgment about the state of the medication used that this statement is about.  Generally this will be active or completed.","comment":"MedicationStatement is a statement at a point in time.  The status is only representative at the point when it was asserted.  The value set for MedicationStatement.status contains codes that assert the status of the use of the medication by the patient (for example, stopped or on hold) as well as codes that assert the status of the medication statement itself (for example, entered in error).\n\nThis element is labeled as a modifier because the status contains codes that mark the resource as not currently valid.","min":1,"max":"1","base":{"path":"MedicationStatement.status","min":1,"max":"1"},"type":[{"code":"code"}],"mustSupport":true,"isModifier":true,"isSummary":true,"binding":{"strength":"required","description":"A set of codes indicating the current status of a MedicationStatement.","valueSetReference":{"reference":"http://hl7.org/fhir/ValueSet/medication-statement-status"}},"mapping":[{"identity":"workflow","map":"…status"},{"identity":"rim","map":".statusCode"},{"identity":"w5","map":"status"},{"identity":"argonaut-dq-dstu2","map":"MedicationStatement.status"}]},{"id":"MedicationStatement.category","path":"MedicationStatement.category","short":"Type of medication usage","definition":"Indicates where type of medication statement and where the medication is expected to be consumed or administered.","min":0,"max":"1","base":{"path":"MedicationStatement.category","min":0,"max":"1"},"type":[{"code":"CodeableConcept"}],"isSummary":true,"binding":{"extension":[{"url":"http://hl7.org/fhir/StructureDefinition/elementdefinition-bindingName","valueString":"MedicationStatementCategory"}],"strength":"preferred","description":"A coded concept identifying where the medication included in the medicationstatement is expected to be consumed or administered","valueSetReference":{"reference":"http://hl7.org/fhir/ValueSet/medication-statement-category"}},"mapping":[{"identity":"rim","map":".inboundRelationship[typeCode=COMP].source[classCode=OBS, moodCode=EVN, code=\"type of medication usage\"].value"},{"identity":"w5","map":"class"}]},{"id":"MedicationStatement.medication[x]","path":"MedicationStatement.medication[x]","short":"What medication was taken","definition":"Identifies the medication being administered. This is either a link to a resource representing the details of the medication or a simple attribute carrying a code that identifies the medication from a known list of medications.","comment":"If only a code is specified, then it needs to be a code for a specific product. If more information is required, then the use of the medication resource is recommended.  For example if you require form or lot number, then you must reference the Medication resource. .","min":1,"max":"1","base":{"path":"MedicationStatement.medication[x]","min":1,"max":"1"},"type":[{"code":"CodeableConcept"},{"code":"Reference","targetProfile":"http://hl7.org/fhir/us/qicore/StructureDefinition/qicore-medication"}],"mustSupport":true,"isSummary":true,"binding":{"strength":"preferred","description":"The set of RxNorm codes to represent medications","valueSetReference":{"reference":"http://hl7.org/fhir/us/core/ValueSet/us-core-medication-codes"}},"mapping":[{"identity":"workflow","map":"…code"},{"identity":"rim","map":".participation[typeCode=CSM].role[classCode=ADMM or MANU]"},{"identity":"w5","map":"what"},{"identity":"argonaut-dq-dstu2","map":"MedicationStatement.medication[x]"},{"identity":"qdm","map":"code"}]},{"id":"MedicationStatement.effective[x]","path":"MedicationStatement.effective[x]","short":"The date/time or interval when the medication was taken","definition":"The interval of time during which it is being asserted that the patient was taking the medication (or was not taking, when the wasNotGiven element is true).","comment":"This attribute reflects the period over which the patient consumed the medication and is expected to be populated on the majority of Medication Statements. If the medication is still being taken at the time the statement is recorded, the \"end\" date will be omitted.","min":0,"max":"1","base":{"path":"MedicationStatement.effective[x]","min":0,"max":"1"},"type":[{"code":"dateTime"},{"code":"Period"}],"mustSupport":true,"isSummary":true,"mapping":[{"identity":"workflow","map":"…occurrence[x]"},{"identity":"rim","map":".effectiveTime"},{"identity":"w5","map":"when.done"},{"identity":"argonaut-dq-dstu2","map":"MedicationStatement.effective[x]"},{"identity":"qdm","map":"relevantPeriod"}]},{"id":"MedicationStatement.dateAsserted","path":"MedicationStatement.dateAsserted","short":"When the statement was asserted?","definition":"The date when the medication statement was asserted by the information source.","min":1,"max":"1","base":{"path":"MedicationStatement.dateAsserted","min":0,"max":"1"},"type":[{"code":"dateTime"}],"mustSupport":true,"isSummary":true,"mapping":[{"identity":"rim","map":".participation[typeCode=AUT].time"},{"identity":"w5","map":"when.recorded"},{"identity":"argonaut-dq-dstu2","map":"MedicationStatement.dateAsserted"}]},{"id":"MedicationStatement.informationSource","path":"MedicationStatement.informationSource","short":"Person or organization that provided the information about the taking of this medication","definition":"The person or organization that provided the information about the taking of this medication. Note: Use derivedFrom when a MedicationStatement is derived from other resources, e.g Claim or MedicationRequest.","min":0,"max":"1","base":{"path":"MedicationStatement.informationSource","min":0,"max":"1"},"type":[{"code":"Reference","targetProfile":"http://hl7.org/fhir/us/qicore/StructureDefinition/qicore-patient"},{"code":"Reference","targetProfile":"http://hl7.org/fhir/us/qicore/StructureDefinition/qicore-practitioner"},{"code":"Reference","targetProfile":"http://hl7.org/fhir/us/qicore/StructureDefinition/qicore-relatedperson"}],"mustSupport":true,"mapping":[{"identity":"rim","map":".participation[typeCode=INF].role[classCode=PAT, or codes for Practioner or Related Person (if PAT is the informer, then syntax for self-reported =true)"},{"identity":"w5","map":"who.source"},{"identity":"qdm","map":"source"}]},{"id":"MedicationStatement.subject","path":"MedicationStatement.subject","short":"Who is/was taking  the medication","definition":"The person, animal or group who is/was taking the medication.","min":1,"max":"1","base":{"path":"MedicationStatement.subject","min":1,"max":"1"},"type":[{"code":"Reference","targetProfile":"http://hl7.org/fhir/us/qicore/StructureDefinition/qicore-patient"},{"code":"Reference","targetProfile":"http://hl7.org/fhir/StructureDefinition/Group"}],"mustSupport":true,"isSummary":true,"mapping":[{"identity":"workflow","map":"…subject"},{"identity":"v2","map":"PID-3-Patient ID List"},{"identity":"rim","map":".participation[typeCode=SBJ].role[classCode=PAT]"},{"identity":"w5","map":"who"},{"identity":"argonaut-dq-dstu2","map":"MedicationStatement.patient"}]},{"id":"MedicationStatement.derivedFrom","path":"MedicationStatement.derivedFrom","short":"Additional supporting information","definition":"Allows linking the MedicationStatement to the underlying MedicationRequest, or to other information that supports or is used to derive the MedicationStatement.","comment":"Likely references would be to [US Core MedicationRequest Profile](http://hl7.org/fhir/us/core/StructureDefinition-us-core-medicationrequest.html), MedicationDispense, Claim, Observation or QuestionnaireAnswers.  The most common use cases for deriving a MedicationStatement comes from creating a MedicationStatement from a MedicationRequest or from a lab observation or a claim.  it should be noted that the amount of information that is available varies from the type resource that you derive the MedicationStatement from.","min":0,"max":"*","base":{"path":"MedicationStatement.derivedFrom","min":0,"max":"*"},"type":[{"code":"Reference","targetProfile":"http://hl7.org/fhir/StructureDefinition/Resource"}],"mustSupport":true,"mapping":[{"identity":"rim","map":".outboundRelationship[typeCode=SPRT]/target[classCode=ACT,moodCode=EVN]"},{"identity":"argonaut-dq-dstu2","map":"NA (new element in STU3)"}]},{"id":"MedicationStatement.taken","path":"MedicationStatement.taken","short":"y | n | unk | na","definition":"Indicator of the certainty of whether the medication was taken by the patient.","comment":"This element is labeled as a modifier because it indicates that the medication was not taken.","min":1,"max":"1","base":{"path":"MedicationStatement.taken","min":1,"max":"1"},"type":[{"code":"code"}],"mustSupport":true,"isModifier":true,"isSummary":true,"binding":{"strength":"required","valueSetReference":{"reference":"http://hl7.org/fhir/ValueSet/medication-statement-taken"}},"mapping":[{"identity":"workflow","map":"…notDone"},{"identity":"rim","map":".actionNegationInd"},{"identity":"argonaut-dq-dstu2","map":"NA (new element in STU3)"}]},{"id":"MedicationStatement.reasonNotTaken","path":"MedicationStatement.reasonNotTaken","short":"True if asserting medication was not given","definition":"A code indicating why the medication was not taken.","min":0,"max":"*","base":{"path":"MedicationStatement.reasonNotTaken","min":0,"max":"*"},"type":[{"code":"CodeableConcept"}],"condition":["mst-1"],"binding":{"extension":[{"url":"http://hl7.org/fhir/StructureDefinition/elementdefinition-bindingName","valueString":"MedicationStatementNotTakenReason"}],"strength":"example","description":"A coded concept indicating the reason why the medication was not taken","valueSetReference":{"reference":"http://hl7.org/fhir/ValueSet/reason-medication-not-taken-codes"}},"mapping":[{"identity":"rim","map":".outboundRelationship[typeCode=RSON]/target[classCode=OBS,moodCode=EVN, code=\"reason not taken\"].value"}]},{"id":"MedicationStatement.reasonCode","path":"MedicationStatement.reasonCode","short":"Reason for why the medication is being/was taken","definition":"A reason for why the medication is being/was taken.","comment":"This could be a diagnosis code. If a full condition record exists or additional detail is needed, use reasonForUseReference.","min":0,"max":"*","base":{"path":"MedicationStatement.reasonCode","min":0,"max":"*"},"type":[{"code":"CodeableConcept"}],"mustSupport":false,"binding":{"extension":[{"url":"http://hl7.org/fhir/StructureDefinition/elementdefinition-bindingName","valueString":"MedicationReason"}],"strength":"example","description":"A coded concept identifying why the medication is being taken.","valueSetReference":{"reference":"http://hl7.org/fhir/ValueSet/condition-code"}},"mapping":[{"identity":"workflow","map":"…reasoneCodeableConcept"},{"identity":"rim","map":".reasonCode"},{"identity":"w5","map":"why"}]},{"id":"MedicationStatement.reasonReference","path":"MedicationStatement.reasonReference","short":"Condition or observation that supports why the medication is being/was taken","definition":"Condition or observation that supports why the medication is being/was taken.","comment":"This is a reference to a condition that is the reason why the medication is being/was taken.  If only a code exists, use reasonForUseCode.","min":0,"max":"*","base":{"path":"MedicationStatement.reasonReference","min":0,"max":"*"},"type":[{"code":"Reference","targetProfile":"http://hl7.org/fhir/StructureDefinition/Condition"},{"code":"Reference","targetProfile":"http://hl7.org/fhir/StructureDefinition/Observation"}],"mapping":[{"identity":"workflow","map":"…reasonReference"},{"identity":"rim","map":".outboundRelationship[typeCode=RSON]/target[classCode=OBS,moodCode=EVN, code=\"reason for use\"].value"},{"identity":"w5","map":"why"}]},{"id":"MedicationStatement.note","path":"MedicationStatement.note","short":"Further information about the statement","definition":"Provides extra information about the medication statement that is not conveyed by the other attributes.","min":0,"max":"*","base":{"path":"MedicationStatement.note","min":0,"max":"*"},"type":[{"code":"Annotation"}],"mapping":[{"identity":"workflow","map":"…note"},{"identity":"rim","map":".inboundRelationship[typeCode=SUBJ]/source[classCode=OBS,moodCode=EVN,code=\"annotation\"].value"}]},{"id":"MedicationStatement.dosage","path":"MedicationStatement.dosage","short":"Details of how medication is/was taken or should be taken","definition":"Indicates how the medication is/was or should be taken by the patient.","comment":"The dates included in the dosage on a Medication Statement reflect the dates for a given dose.  For example, \"from November 1, 2016 to November 3, 2016, take one tablet daily and from November 4, 2016 to November 7, 2016, take two tablets daily.\"  It is expected that this specificity may only be populated where the patient brings in their labeled container or where the Medication Statement is derived from a MedicationRequest.","min":0,"max":"*","base":{"path":"MedicationStatement.dosage","min":0,"max":"*"},"type":[{"code":"Dosage"}],"mustSupport":false,"mapping":[{"identity":"rim","map":"refer dosageInstruction mapping"}]},{"id":"MedicationStatement.dosage.id","path":"MedicationStatement.dosage.id","representation":["xmlAttr"],"short":"xml:id (or equivalent in JSON)","definition":"unique id for the element within a resource (for internal references). This may be any string value that does not contain spaces.","min":0,"max":"1","base":{"path":"Element.id","min":0,"max":"1"},"type":[{"code":"string"}],"mapping":[{"identity":"rim","map":"n/a"}]},{"id":"MedicationStatement.dosage.extension","path":"MedicationStatement.dosage.extension","slicing":{"discriminator":[{"type":"value","path":"url"}],"description":"Extensions are always sliced by (at least) url","rules":"open"},"short":"Additional Content defined by implementations","definition":"May be used to represent additional information that is not part of the basic definition of the element. In order to make the use of extensions safe and manageable, there is a strict set of governance  applied to the definition and use of extensions. Though any implementer is allowed to define an extension, there is a set of requirements that SHALL be met as part of the definition of the extension.","comment":"There can be no stigma associated with the use of extensions by any application, project, or standard - regardless of the institution or jurisdiction that uses or defines the extensions.  The use of extensions is what allows the FHIR specification to retain a core level of simplicity for everyone.","alias":["extensions","user content"],"min":0,"max":"*","base":{"path":"Element.extension","min":0,"max":"*"},"type":[{"code":"Extension"}],"mapping":[{"identity":"rim","map":"n/a"}]},{"id":"MedicationStatement.dosage.sequence","path":"MedicationStatement.dosage.sequence","short":"The order of the dosage instructions","definition":"Indicates the order in which the dosage instructions should be applied or interpreted.","requirements":"If the sequence number of multiple Dosages is the same, then it is implied that the instructions are to be treated as concurrent.  If the sequence number is different, then the Dosages are intended to be sequential.","min":0,"max":"1","base":{"path":"Dosage.sequence","min":0,"max":"1"},"type":[{"code":"integer"}],"isSummary":true,"mapping":[{"identity":"rim","map":".text"}]},{"id":"MedicationStatement.dosage.text","path":"MedicationStatement.dosage.text","short":"Free text dosage instructions e.g. SIG","definition":"Free text dosage instructions e.g. SIG.","requirements":"Free text dosage instructions can be used for cases where the instructions are too complex to code.  The content of this attribute does not include the name or description of the medication. When coded instructions are present, the free text instructions may still be present for display to humans taking or administering the medication. It is expected that the text instructions will always be populated.  If the dosage.timing attribute is also populated, then the dosage.text should reflect the same information as the timing.","min":0,"max":"1","base":{"path":"Dosage.text","min":0,"max":"1"},"type":[{"code":"string"}],"isSummary":true,"mapping":[{"identity":"rim","map":".text"}]},{"id":"MedicationStatement.dosage.additionalInstruction","path":"MedicationStatement.dosage.additionalInstruction","short":"Supplemental instruction - e.g. \"with meals\"","definition":"Supplemental instruction - e.g. \"with meals\".","requirements":"Additional instruction such as \"Swallow with plenty of water\" which may or may not be coded.","min":0,"max":"*","base":{"path":"Dosage.additionalInstruction","min":0,"max":"*"},"type":[{"code":"CodeableConcept"}],"isSummary":true,"binding":{"extension":[{"url":"http://hl7.org/fhir/StructureDefinition/elementdefinition-bindingName","valueString":"AdditionalInstruction"}],"strength":"example","description":"A coded concept identifying additional instructions such as \"take with water\" or \"avoid operating heavy machinery\".","valueSetReference":{"reference":"http://hl7.org/fhir/ValueSet/additional-instruction-codes"}},"mapping":[{"identity":"rim","map":".text"}]},{"id":"MedicationStatement.dosage.patientInstruction","path":"MedicationStatement.dosage.patientInstruction","short":"Patient or consumer oriented instructions","definition":"Instructions in terms that are understood by the patient or consumer.","min":0,"max":"1","base":{"path":"Dosage.patientInstruction","min":0,"max":"1"},"type":[{"code":"string"}],"isSummary":true,"mapping":[{"identity":"rim","map":".text"}]},{"id":"MedicationStatement.dosage.timing","path":"MedicationStatement.dosage.timing","short":"When medication should be administered","definition":"When medication should be administered.","comment":"This attribute may not always be populated while the Dosage.text is expected to be populated.  If both are populated, then the Dosage.text should reflect the content of the Dosage.timing.","requirements":"The timing schedule for giving the medication to the patient. The Schedule data type allows many different expressions. For example: \"Every 8 hours\"; \"Three times a day\"; \"1/2 an hour before breakfast for 10 days from 23-Dec 2011:\"; \"15 Oct 2013, 17 Oct 2013 and 1 Nov 2013\".  Sometimes, a rate can imply duration when expressed as total volume / duration (e.g.  500mL/2 hours implies a duration of 2 hours).  However, when rate doesn't imply duration (e.g. 250mL/hour), then the timing.repeat.duration is needed to convey the infuse over time period.","min":0,"max":"1","base":{"path":"Dosage.timing","min":0,"max":"1"},"type":[{"code":"Timing"}],"mustSupport":true,"isSummary":true,"mapping":[{"identity":"rim","map":".effectiveTime"},{"identity":"qdm","map":"frequency"}]},{"id":"MedicationStatement.dosage.asNeeded[x]","path":"MedicationStatement.dosage.asNeeded[x]","short":"Take \"as needed\" (for x)","definition":"Indicates whether the Medication is only taken when needed within a specific dosing schedule (Boolean option), or it indicates the precondition for taking the Medication (CodeableConcept).","comment":"Can express \"as needed\" without a reason by setting the Boolean = True.  In this case the CodeableConcept is not populated.  Or you can express \"as needed\" with a reason by including the CodeableConcept.  In this case the Boolean is assumed to be True.  If you set the Boolean to False, then the dose is given according to the schedule and is not \"prn\" or \"as needed\".","min":0,"max":"1","base":{"path":"Dosage.asNeeded[x]","min":0,"max":"1"},"type":[{"code":"boolean"},{"code":"CodeableConcept"}],"isSummary":true,"binding":{"extension":[{"url":"http://hl7.org/fhir/StructureDefinition/elementdefinition-bindingName","valueString":"MedicationAsNeededReason"}],"strength":"example","description":"A coded concept identifying the precondition that should be met or evaluated prior to consuming or administering a medication dose.  For example \"pain\", \"30 minutes prior to sexual intercourse\", \"on flare-up\" etc.","valueSetReference":{"reference":"http://hl7.org/fhir/ValueSet/medication-as-needed-reason"}},"mapping":[{"identity":"rim","map":".outboundRelationship[typeCode=PRCN].target[classCode=OBS, moodCode=EVN, code=\"as needed\"].value=boolean or codable concept"}]},{"id":"MedicationStatement.dosage.site","path":"MedicationStatement.dosage.site","short":"Body site to administer to","definition":"Body site to administer to.","comment":"If the use case requires attributes from the BodySite resource (e.g. to identify and track separately) then use the standard extension [body-site-instance](extension-body-site-instance.html).  May be a summary code, or a reference to a very precise definition of the location, or both.","requirements":"A coded specification of the anatomic site where the medication first enters the body.","min":0,"max":"1","base":{"path":"Dosage.site","min":0,"max":"1"},"type":[{"code":"CodeableConcept"}],"mustSupport":false,"isSummary":true,"binding":{"extension":[{"url":"http://hl7.org/fhir/StructureDefinition/elementdefinition-bindingName","valueString":"MedicationAdministrationSite"}],"strength":"example","description":"A coded concept describing the site location the medicine enters into or onto the body.","valueSetReference":{"reference":"http://hl7.org/fhir/ValueSet/approach-site-codes"}},"mapping":[{"identity":"rim","map":".approachSiteCode"}]},{"id":"MedicationStatement.dosage.route","path":"MedicationStatement.dosage.route","short":"How drug should enter body","definition":"How drug should enter body.","requirements":"A code specifying the route or physiological path of administration of a therapeutic agent into or onto a patient's body.","min":0,"max":"1","base":{"path":"Dosage.route","min":0,"max":"1"},"type":[{"code":"CodeableConcept"}],"mustSupport":true,"isSummary":true,"binding":{"extension":[{"url":"http://hl7.org/fhir/StructureDefinition/elementdefinition-bindingName","valueString":"RouteOfAdministration"}],"strength":"example","description":"A coded concept describing the route or physiological path of administration of a therapeutic agent into or onto the body of a subject.","valueSetReference":{"reference":"http://hl7.org/fhir/ValueSet/route-codes"}},"mapping":[{"identity":"rim","map":".routeCode"},{"identity":"qdm","map":"route"}]},{"id":"MedicationStatement.dosage.method","path":"MedicationStatement.dosage.method","short":"Technique for administering medication","definition":"Technique for administering medication.","comment":"Terminologies used often pre-coordinate this term with the route and or form of administration.","requirements":"A coded value indicating the method by which the medication is introduced into or onto the body. Most commonly used for injections.  For examples, Slow Push; Deep IV.","min":0,"max":"1","base":{"path":"Dosage.method","min":0,"max":"1"},"type":[{"code":"CodeableConcept"}],"isSummary":true,"binding":{"extension":[{"url":"http://hl7.org/fhir/StructureDefinition/elementdefinition-bindingName","valueString":"MedicationAdministrationMethod"}],"strength":"example","description":"A coded concept describing the technique by which the medicine is administered.","valueSetReference":{"reference":"http://hl7.org/fhir/ValueSet/administration-method-codes"}},"mapping":[{"identity":"rim","map":".doseQuantity"}]},{"id":"MedicationStatement.dosage.dose[x]","path":"MedicationStatement.dosage.dose[x]","short":"Amount of medication per dose","definition":"Amount of medication per dose.","comment":"Note that this specifies the quantity of the specified medication, not the quantity for each active ingredient(s). Each ingredient amount can be communicated in the Medication resource. For example, if one wants to communicate that a tablet was 375 mg, where the dose was one tablet, you can use the Medication resource to document that the tablet was comprised of 375 mg of drug XYZ. Alternatively if the dose was 375 mg, then you may only need to use the Medication resource to indicate this was a tablet. If the example were an IV such as dopamine and you wanted to communicate that 400mg of dopamine was mixed in 500 ml of some IV solution, then this would all be communicated in the Medication resource. If the administration is not intended to be instantaneous (rate is present or timing has a duration), this can be specified to convey the total amount to be administered over the period of time as indicated by the schedule e.g. 500 ml in dose, with timing used to convey that this should be done over 4 hours.","requirements":"The amount of therapeutic or other substance given at one administration event.","min":0,"max":"1","base":{"path":"Dosage.dose[x]","min":0,"max":"1"},"type":[{"code":"Range"},{"code":"Quantity","profile":"http://hl7.org/fhir/StructureDefinition/SimpleQuantity"}],"mustSupport":true,"isSummary":true,"mapping":[{"identity":"rim","map":".doseQuantity"},{"identity":"qdm","map":"dosage"}]},{"id":"MedicationStatement.dosage.maxDosePerPeriod","path":"MedicationStatement.dosage.maxDosePerPeriod","short":"Upper limit on medication per unit of time","definition":"Upper limit on medication per unit of time.","comment":"This is intended for use as an adjunct to the dosage when there is an upper cap.  For example \"2 tablets every 4 hours to a maximum of 8/day\".","requirements":"The maximum total quantity of a therapeutic substance that may be administered to a subject over the period of time.  For example, 1000mg in 24 hours.","min":0,"max":"1","base":{"path":"Dosage.maxDosePerPeriod","min":0,"max":"1"},"type":[{"code":"Ratio"}],"isSummary":true,"mapping":[{"identity":"rim","map":".maxDoseQuantity"}]},{"id":"MedicationStatement.dosage.maxDosePerAdministration","path":"MedicationStatement.dosage.maxDosePerAdministration","short":"Upper limit on medication per administration","definition":"Upper limit on medication per administration.","comment":"This is intended for use as an adjunct to the dosage when there is an upper cap.  For example, a body surface area related dose with a maximum amount, such as 1.5 mg/m2 (maximum 2 mg) IV over 5 – 10 minutes would have doseQuantity of 1.5 mg/m2 and maxDosePerAdministration of 2 mg.","requirements":"The maximum total quantity of a therapeutic substance that may be administered to a subject per administration.","min":0,"max":"1","base":{"path":"Dosage.maxDosePerAdministration","min":0,"max":"1"},"type":[{"code":"Quantity","profile":"http://hl7.org/fhir/StructureDefinition/SimpleQuantity"}],"isSummary":true,"mapping":[{"identity":"rim","map":"not supported"}]},{"id":"MedicationStatement.dosage.maxDosePerLifetime","path":"MedicationStatement.dosage.maxDosePerLifetime","short":"Upper limit on medication per lifetime of the patient","definition":"Upper limit on medication per lifetime of the patient.","requirements":"The maximum total quantity of a therapeutic substance that may be administered per lifetime of the subject.","min":0,"max":"1","base":{"path":"Dosage.maxDosePerLifetime","min":0,"max":"1"},"type":[{"code":"Quantity","profile":"http://hl7.org/fhir/StructureDefinition/SimpleQuantity"}],"isSummary":true,"mapping":[{"identity":"rim","map":"not supported"}]},{"id":"MedicationStatement.dosage.rate[x]","path":"MedicationStatement.dosage.rate[x]","short":"Amount of medication per unit of time","definition":"Amount of medication per unit of time.","comment":"It is possible to supply both a rate and a doseQuantity to provide full details about how the medication is to be administered and supplied. If the rate is intended to change over time, depending on local rules/regulations, each change should be captured as a new version of the MedicationRequest with an updated rate, or captured with a new MedicationRequest with the new rate.","requirements":"Identifies the speed with which the medication was or will be introduced into the patient. Typically the rate for an infusion e.g. 100 ml per 1 hour or 100 ml/hr.  May also be expressed as a rate per unit of time e.g. 500 ml per 2 hours.   Other examples: 200 mcg/min or 200 mcg/1 minute; 1 liter/8 hours.  Sometimes, a rate can imply duration when expressed as total volume / duration (e.g.  500mL/2 hours implies a duration of 2 hours).  However, when rate doesn't imply duration (e.g. 250mL/hour), then the timing.repeat.duration is needed to convey the infuse over time period.","min":0,"max":"1","base":{"path":"Dosage.rate[x]","min":0,"max":"1"},"type":[{"code":"Ratio"},{"code":"Range"},{"code":"Quantity","profile":"http://hl7.org/fhir/StructureDefinition/SimpleQuantity"}],"isSummary":true,"mapping":[{"identity":"rim","map":".rateQuantity"}]}]},"differential":{"element":[{"id":"MedicationStatement","path":"MedicationStatement","mustSupport":false,"isModifier":false,"mapping":[{"identity":"qdm","map":"Medication, Active (when MedicationStatement.status=\"active\")"}]},{"id":"MedicationStatement.id","path":"MedicationStatement.id","mustSupport":false,"isModifier":false,"mapping":[{"identity":"qdm","map":"id"}]},{"id":"MedicationStatement.status","path":"MedicationStatement.status","mustSupport":true,"isModifier":false},{"id":"MedicationStatement.medication[x]","path":"MedicationStatement.medication[x]","type":[{"code":"CodeableConcept"},{"code":"Reference","targetProfile":"http://hl7.org/fhir/us/qicore/StructureDefinition/qicore-medication"}],"mustSupport":true,"isModifier":false,"binding":{"strength":"preferred","description":"The set of RxNorm codes to represent medications","valueSetReference":{"reference":"http://hl7.org/fhir/us/core/ValueSet/us-core-medication-codes"}},"mapping":[{"identity":"qdm","map":"code"}]},{"id":"MedicationStatement.effective[x]","path":"MedicationStatement.effective[x]","mustSupport":true,"isModifier":false,"mapping":[{"identity":"qdm","map":"relevantPeriod"}]},{"id":"MedicationStatement.dateAsserted","path":"MedicationStatement.dateAsserted","min":1,"max":"1","mustSupport":true,"isModifier":false},{"id":"MedicationStatement.informationSource","path":"MedicationStatement.informationSource","type":[{"code":"Reference","targetProfile":"http://hl7.org/fhir/us/qicore/StructureDefinition/qicore-patient"},{"code":"Reference","targetProfile":"http://hl7.org/fhir/us/qicore/StructureDefinition/qicore-practitioner"},{"code":"Reference","targetProfile":"http://hl7.org/fhir/us/qicore/StructureDefinition/qicore-relatedperson"}],"mustSupport":true,"isModifier":false,"mapping":[{"identity":"qdm","map":"source"}]},{"id":"MedicationStatement.subject","path":"MedicationStatement.subject","type":[{"code":"Reference","targetProfile":"http://hl7.org/fhir/us/qicore/StructureDefinition/qicore-patient"},{"code":"Reference","targetProfile":"http://hl7.org/fhir/StructureDefinition/Group"}],"mustSupport":true,"isModifier":false},{"id":"MedicationStatement.derivedFrom","path":"MedicationStatement.derivedFrom","mustSupport":true,"isModifier":false},{"id":"MedicationStatement.taken","path":"MedicationStatement.taken","mustSupport":true,"isModifier":false},{"id":"MedicationStatement.reasonCode","path":"MedicationStatement.reasonCode","type":[{"code":"CodeableConcept"}],"mustSupport":false,"isModifier":false},{"id":"MedicationStatement.dosage","path":"MedicationStatement.dosage","mustSupport":false,"isModifier":false},{"id":"MedicationStatement.dosage.timing","path":"MedicationStatement.dosage.timing","mustSupport":true,"isModifier":false,"mapping":[{"identity":"qdm","map":"frequency"}]},{"id":"MedicationStatement.dosage.site","path":"MedicationStatement.dosage.site","mustSupport":false,"isModifier":false},{"id":"MedicationStatement.dosage.route","path":"MedicationStatement.dosage.route","mustSupport":true,"isModifier":false,"mapping":[{"identity":"qdm","map":"route"}]},{"id":"MedicationStatement.dosage.dose[x]","path":"MedicationStatement.dosage.dose[x]","mustSupport":true,"isModifier":false,"mapping":[{"identity":"qdm","map":"dosage"}]}]}}