{"resourceType":"ValueSet","id":"qicore-observation-verification","meta":{"profile":["http://hl7.org/fhir/StructureDefinition/shareablevalueset"]},"text":{"status":"generated","div":"<div xmlns=\"http://www.w3.org/1999/xhtml\"><h2>QICore Observation Verification Method</h2><div><p>Code for method by which the observation result was validated, e.g., human review, sliding average.</p>\n</div><p>This value set includes codes from the following code systems:</p><ul><li>Include all codes defined in <code>http://hl7.org/fhir/us/qicore/CodeSystem/qicore-observation-verification-method</code></li></ul></div>"},"url":"http://hl7.org/fhir/us/qicore/ValueSet/qicore-observation-verification","version":"0.02","name":"QICore Observation Verification Method","status":"draft","experimental":true,"date":"2017-12-19T09:35:15-07:00","publisher":"HL7 Clinical Quality Information (CQI) Work Group","contact":[{"telecom":[{"system":"other","value":"http://www.hl7.org/Special/committees/cqi"}]}],"description":"Code for method by which the observation result was validated, e.g., human review, sliding average.","compose":{"include":[{"system":"http://hl7.org/fhir/us/qicore/CodeSystem/qicore-observation-verification-method"}]}}