{"resourceType":"ValueSet","id":"qicore-medication-dose-type","text":{"status":"generated","div":"<div xmlns=\"http://www.w3.org/1999/xhtml\"><h2>SNOMED CT Dosages Codes</h2><div><p>This value set includes all the &quot;Dosages&quot; SNOMED CT codes (i.e. codes with an is-a relationship with 277406006: Dosages).</p>\n</div><p><b>Copyright Statement:</b> This value set includes content from SNOMED CT, which is copyright © 2002+ International Health Terminology Standards Development Organisation (IHTSDO), and distributed by agreement between IHTSDO and HL7. Implementer use of SNOMED CT is not covered by this agreement</p><p>This value set includes codes from the following code systems:</p><ul><li>Include codes from <a href=\"http://www.snomed.org/\"><code>http://snomed.info/sct</code></a> where concept  is-a  277406006 (Dosages)</li></ul></div>"},"url":"http://hl7.org/fhir/us/qicore/ValueSet/qicore-medication-dose-type","name":"SNOMED CT Dosages Codes","status":"draft","date":"2017-12-19T09:35:15-07:00","publisher":"Health Level Seven, Inc. - CQI WG","contact":[{"telecom":[{"system":"other","value":"http://hl7.org/special/committees/CQI"}]}],"description":"This value set includes all the \"Dosages\" SNOMED CT codes (i.e. codes with an is-a relationship with 277406006: Dosages).","copyright":"This value set includes content from SNOMED CT, which is copyright © 2002+ International Health Terminology Standards Development Organisation (IHTSDO), and distributed by agreement between IHTSDO and HL7. Implementer use of SNOMED CT is not covered by this agreement","compose":{"include":[{"system":"http://snomed.info/sct","filter":[{"property":"concept","op":"is-a","value":"277406006"}]}]}}