{"resourceType":"ValueSet","id":"qicore-observation-body-position","text":{"status":"generated","div":"<div xmlns=\"http://www.w3.org/1999/xhtml\"><h2>Body Position</h2><div><p>SNOMED CT code system values descending from the following:'body position finding' 9851009</p>\n</div><p><b>Copyright Statement:</b> This value set includes content from SNOMED CT, which is copyright © 2002+ International Health Terminology Standards Development Organisation (IHTSDO), and distributed by agreement between IHTSDO and HL7. Implementer use of SNOMED CT is not covered by this agreement</p><p>This value set includes codes from the following code systems:</p><ul><li>Include codes from <a href=\"http://www.snomed.org/\"><code>http://snomed.info/sct</code></a> where concept  is-a  9851009 (Body position finding)</li></ul></div>"},"url":"http://hl7.org/fhir/us/qicore/ValueSet/qicore-observation-body-position","version":"0.02","name":"Body Position","status":"draft","experimental":true,"date":"2015-02-10T00:00:00-07:00","publisher":"HL7 Clinical Quality Information (CQI) Work Group","contact":[{"telecom":[{"system":"other","value":"http://www.hl7.org/Special/committees/cqi"}]}],"description":"SNOMED CT code system values descending from the following:'body position finding' 9851009","immutable":true,"copyright":"This value set includes content from SNOMED CT, which is copyright © 2002+ International Health Terminology Standards Development Organisation (IHTSDO), and distributed by agreement between IHTSDO and HL7. Implementer use of SNOMED CT is not covered by this agreement","extensible":true,"compose":{"include":[{"system":"http://snomed.info/sct","filter":[{"property":"concept","op":"is-a","value":"9851009"}]}]}}