{
  "resourceType": "ValueSet",
  "id": "us-core-immunization-status",
  "text": {
    "status": "generated",
    "div": "<div xmlns=\"http://www.w3.org/1999/xhtml\">\n      <p>Immunization codes constrained from the DSTU core to include only 'completed' and 'enter-in-error'  which are the only two clinically relevent values.</p>\n      <p>Codes that may be used for implementation of the Argonaut Immunization IG and MU2015 certification.</p>\n      <p/>\n      <table border=\"1\" cellpadding=\"5\" cellspacing=\"0\">\n        <tr>\n          <th>Code</th>\n          <th>Display</th>\n          <th>Definition</th>\n        </tr>\n        <tr class=\"odd\">\n          <td>completed</td>\n          <td>Completed</td>\n          <td>All actions that are implied by the administration have occurred.</td>\n        </tr>\n        <tr class=\"even\">\n          <td>entered-in-error</td>\n          <td>Entered in Error</td>\n          <td>The administration was entered in error and therefore nullified.</td>\n        </tr>\n      </table>\n    </div>"
  },
  "url": "http://hl7.org/fhir/us/core/ValueSet/us-core-immunization-status",
  "name": "Immunization Status",
  "status": "draft",
  "publisher": "FHIR Project Team",
  "contact": [
    {
      "telecom": [
        {
          "system": "other",
          "value": "http://hl7.org/fhir"
        }
      ]
    }
  ],
  "date": "2016-12-06T22:13:05+11:00",
  "description": "Immunization codes constrained from the STU core to include only 'completed' and 'enter-in-error'  which are the only two clinically relevent values.",
  "purpose": "Codes that may be used for implementation of the Argonaut Immunization IG and MU2015 certification.",
  "compose": {
    "include": [
      {
        "system": "http://hl7.org/fhir/medication-admin-status",
        "concept": [
          {
            "code": "completed",
            "display": "Completed",
            "designation": [
              {
                "value": "All actions that are implied by the administration have occurred"
              }
            ]
          }
        ]
      },
      {
        "system": "http://hl7.org/fhir/medication-admin-status",
        "concept": [
          {
            "code": "entered-in-error",
            "display": "Entered in Error",
            "designation": [
              {
                "value": "The administration was entered in error and therefore nullified"
              }
            ]
          }
        ]
      }
    ]
  }
}